Date;Algeria-Spain;China-Iran;China-Russia;China-Taiwan;"China-United States";EU-China;EU-Israel;EU-Russia;EU-Turkey;"EU-United States";Ecuador-Mexico;Iran-Pakistan;"Iran-Saudi Arabia";Israel-Iran;"Israel-Saudi Arabia";Mexico-Ecuador;Morocco-Spain;NATO-Russia;"North Korea-South Korea";Pakistan-Iran;Russia-Iran;Russia-Turkey;Russia-Ukraine;"United States-China";"United States-EU";"United States-Iran";"United States-Mexico";"United States-Russia";"United States-Turkey"
2025-01-01;1.4;-0.2;-0.5;0.1;0.2;0.0;1.3;-0.3;-0.5;1.1;0.8;1.8;0.4;1.3;0.6;-0.9;-0.7;0.7;0.1;1.5;2.2;1.3;1.1;0.4;0.4;-0.1;0.2;1.4;0.1
2025-01-02;1.5;0.1;-0.8;-0.2;0.2;-0.3;1.5;-0.2;-0.9;1.5;1.0;2.1;0.3;1.1;0.4;-0.9;-0.7;0.6;0.2;2.0;2.2;2.4;1.2;0.6;0.6;0.0;0.8;1.2;0.0
2025-01-03;1.5;0.2;-0.5;0.1;0.3;-0.2;1.5;0.2;-1.2;1.9;0.9;2.5;0.3;1.0;0.7;-0.9;-0.8;1.0;-0.1;1.4;2.0;3.3;1.4;0.7;0.7;-0.2;0.5;1.5;-0.2
2025-01-04;1.6;0.4;-0.3;0.0;0.6;-0.1;1.0;0.1;-0.8;1.9;0.9;2.7;0.3;1.1;1.0;-0.9;-0.8;1.1;0.4;1.4;3.3;4.1;1.5;0.6;1.1;0.0;0.6;1.6;-0.3
2025-01-05;1.6;0.5;-0.1;-0.2;0.3;-0.2;1.2;-0.1;-0.5;1.4;0.8;3.0;0.3;1.3;1.2;-0.9;-0.8;1.0;0.4;1.4;2.6;4.7;1.7;0.5;1.1;0.3;0.9;1.7;-0.3
2025-01-06;1.7;0.4;0.4;0.1;0.1;-0.4;1.2;-0.2;0.1;0.8;1.0;3.1;0.1;0.9;1.4;-0.5;-0.9;0.8;0.3;1.4;1.9;4.0;1.7;0.4;0.5;0.3;1.0;1.5;-0.6
2025-01-07;1.7;0.3;0.2;0.2;0.2;-0.5;0.9;-0.1;0.6;0.5;1.1;3.2;-0.2;1.4;1.5;-0.1;-0.9;0.7;0.3;1.4;1.8;3.8;1.7;0.6;0.5;0.0;0.8;1.2;-0.7
2025-01-08;1.7;0.4;0.6;0.2;0.4;-0.1;0.8;-0.2;0.5;0.4;1.2;2.7;-0.4;1.5;1.6;0.3;-1.0;0.7;0.2;1.4;1.2;3.1;1.7;0.6;0.5;0.0;0.9;1.2;-0.8
2025-01-09;1.8;0.1;0.5;0.5;0.2;0.4;0.6;-0.3;0.3;0.2;1.3;2.2;-0.5;1.1;1.7;0.6;-1.1;0.5;0.2;1.4;1.1;2.5;1.6;0.4;0.5;-0.1;1.1;0.8;-1.0
2025-01-10;1.8;-0.1;0.4;0.3;0.1;0.6;0.4;-0.3;0.2;-0.1;1.4;1.8;-0.7;0.9;1.8;0.8;-1.1;0.5;0.0;1.4;0.7;2.0;1.3;0.6;0.3;-0.3;1.3;0.8;-1.1
2025-01-11;1.8;0.0;0.3;0.1;0.0;0.5;0.0;-0.2;0.2;-0.6;1.4;1.5;-0.1;1.1;1.9;1.0;-1.1;0.9;-0.2;1.4;0.8;1.6;1.5;0.7;0.3;0.0;1.0;1.0;-0.9
2025-01-12;1.8;0.6;0.4;0.2;-0.1;0.1;0.9;-0.3;1.0;-0.5;1.5;1.2;0.3;0.6;1.7;1.2;-1.2;0.7;0.0;1.1;1.0;1.4;1.5;0.6;0.6;-0.1;0.9;1.3;-0.8
2025-01-13;1.8;0.6;0.2;0.2;0.0;0.5;0.5;-0.3;1.1;-0.5;1.5;1.1;0.2;0.6;1.4;1.3;-1.2;0.7;0.1;0.8;0.6;1.2;1.4;0.6;0.8;-0.3;1.2;1.3;-1.1
2025-01-14;1.8;0.5;0.4;0.4;-0.2;0.8;0.5;-0.1;1.1;-0.6;1.6;0.7;0.1;1.0;1.3;1.5;-0.8;0.7;0.3;0.5;0.4;1.2;1.4;0.8;0.6;-0.1;1.1;1.2;-0.9
2025-01-15;1.6;0.4;0.5;0.3;-0.1;0.9;0.1;0.5;1.0;-0.1;1.6;0.4;0.0;1.1;1.1;1.6;-0.5;1.0;0.4;0.4;0.2;1.0;1.4;0.8;0.4;-0.1;1.4;1.0;-1.2
2025-01-16;1.4;0.4;0.1;0.2;0.1;0.8;0.0;0.7;0.7;-0.3;1.4;0.1;-0.2;1.1;1.0;1.3;-0.2;1.0;0.3;0.3;-0.1;0.9;1.2;0.8;0.5;-0.4;1.2;0.9;-1.4
2025-01-17;1.1;0.3;0.2;-0.5;0.1;0.9;-0.4;0.6;0.2;-0.2;1.1;0.1;-0.3;1.0;1.0;1.1;-0.5;0.9;0.5;0.1;-0.4;1.9;1.0;0.8;0.2;-0.7;1.0;0.8;-1.6
2025-01-18;0.9;0.3;0.0;-0.7;0.1;1.0;-0.5;0.4;0.1;-0.3;0.9;0.1;0.9;0.8;0.9;0.9;-0.7;0.6;0.6;-0.1;-0.6;2.7;1.2;0.8;0.2;-0.7;0.9;0.7;-0.9
2025-01-19;0.7;0.2;-0.3;-0.9;0.3;0.6;-0.4;0.5;1.2;-0.6;0.8;0.1;2.0;0.6;0.6;0.7;-0.8;0.7;0.3;-0.2;-0.9;3.4;1.5;0.8;-0.2;-0.6;0.6;0.6;-0.8
2025-01-20;0.5;0.2;0.0;-1.1;0.3;0.4;-0.6;0.2;0.6;-0.8;0.6;0.1;2.9;0.5;0.9;0.6;-0.9;0.5;0.3;-0.4;-1.0;4.0;1.4;0.6;-0.4;-0.9;0.4;0.3;-0.9
2025-01-21;0.1;0.1;-0.3;-1.5;0.4;0.2;-0.7;0.4;0.0;-0.8;0.5;-0.2;3.6;0.6;0.6;0.4;-1.1;0.3;0.1;-0.5;-1.2;4.5;1.1;0.6;-0.3;-1.0;0.2;0.0;-0.3
2025-01-22;-0.2;0.0;-0.4;-1.4;0.3;0.1;-1.0;0.1;-0.3;-0.6;0.4;-0.3;4.2;0.7;0.4;0.3;-1.2;0.1;-0.1;-0.6;-1.3;4.9;1.0;0.6;-0.3;-0.7;0.1;0.0;-0.4
2025-01-23;-0.4;-0.3;-0.5;-0.9;0.2;0.1;-1.1;0.2;-0.2;-0.5;0.3;0.0;4.8;0.7;0.3;0.2;-1.2;0.2;-0.3;-0.1;-1.2;5.3;0.8;0.4;-0.4;-0.5;0.3;0.0;-0.3
2025-01-24;-0.2;-0.1;-0.5;-1.2;-0.1;0.1;-1.0;0.5;-0.1;-0.2;0.2;0.3;4.6;0.6;0.1;-0.1;-1.3;0.1;-0.6;0.2;-0.8;4.8;0.7;0.1;0.1;-0.4;0.8;-0.1;-0.2
2025-01-25;-0.1;0.1;-0.4;-1.0;0.0;-0.2;-0.9;0.8;-0.1;-0.4;0.2;0.6;3.7;0.6;0.0;-0.3;-1.4;0.1;-0.3;0.5;-1.0;5.2;0.5;0.1;0.8;-0.1;1.1;-0.3;-0.6
2025-01-26;0.0;0.3;-0.4;-0.8;0.0;-0.4;-0.8;1.0;-0.1;-0.6;0.1;0.9;3.0;0.1;-0.2;-0.5;-1.4;0.4;-0.2;0.8;-1.1;5.6;0.5;-0.1;0.7;-0.1;1.2;-0.1;-0.8
2025-01-27;0.0;0.5;-0.4;-0.9;-0.2;-0.2;-0.8;0.9;-0.1;-0.7;0.1;1.1;2.3;-0.1;-0.3;-0.7;-1.5;0.3;-0.5;1.0;-1.3;6.0;0.5;-0.2;0.5;-0.3;1.0;-0.3;-1.0
2025-01-28;0.1;0.7;-0.5;-1.3;-0.3;-0.5;-0.7;0.8;-0.2;-0.4;0.0;1.3;1.9;0.1;-0.4;-0.9;-1.5;0.3;-0.5;1.2;-1.3;6.3;0.4;-0.1;0.5;-0.3;1.0;0.1;-0.8
2025-01-29;0.2;0.9;-0.1;-1.4;-0.4;0.0;-0.4;0.6;-0.5;-0.4;0.0;1.1;1.5;0.2;-0.5;-1.0;-1.5;0.2;-0.7;0.9;-0.8;5.3;0.4;0.0;0.6;-0.6;1.1;0.3;-0.5
2025-01-30;0.2;0.7;0.1;-1.0;-0.5;0.2;-0.1;0.6;-0.4;0.4;0.0;0.8;1.4;0.0;-0.7;-1.1;-1.6;0.1;-0.9;0.9;-0.7;4.6;0.8;-0.1;0.7;-0.8;1.2;0.0;0.0
2025-01-31;0.2;0.6;0.0;-0.8;-0.4;0.5;0.1;0.8;-0.4;0.5;-0.1;0.6;1.3;0.0;-0.7;-1.2;-1.6;0.2;-1.1;0.9;-0.6;4.3;1.0;0.1;0.3;-1.2;1.1;0.0;1.2
2025-02-01;0.3;0.4;-0.1;-1.0;-0.3;0.3;-0.3;0.6;-0.7;0.1;-0.1;0.3;1.3;0.2;-0.7;-1.3;-1.6;-0.1;-1.2;0.9;-0.5;4.0;1.2;0.3;-0.2;-1.5;0.8;-0.4;2.3
2025-02-02;0.3;0.3;-0.4;-1.2;0.2;0.4;-0.2;0.2;-0.7;-0.1;-0.1;0.2;1.2;-0.1;-0.8;-1.3;-1.6;-0.3;-0.8;0.9;-0.5;3.8;1.5;0.2;-0.1;-1.8;0.7;-0.4;2.6
2025-02-03;0.0;0.8;-0.1;-1.1;0.4;0.6;-0.4;-0.2;-0.8;0.1;-0.1;0.0;1.1;0.0;-1.0;-1.4;-1.6;-0.4;-0.8;0.5;-0.3;3.9;1.5;0.1;-0.1;-1.9;0.2;-0.4;2.6
2025-02-04;-0.2;0.6;0.1;-0.6;0.4;0.7;-0.7;-0.4;-1.1;0.1;-0.3;-0.1;1.1;-0.3;-1.0;-1.3;-1.6;-0.4;0.2;0.2;-0.3;3.2;1.3;0.1;0.1;-1.6;0.1;-0.4;2.8
2025-02-05;-0.4;0.7;0.2;-0.6;0.4;0.4;-0.2;0.2;-0.8;0.3;-0.4;-0.2;1.1;-0.6;-1.0;-1.2;-1.7;-0.3;-0.1;0.2;-0.2;2.7;1.1;0.0;0.1;-1.3;-0.1;-0.5;2.2
2025-02-06;-0.5;1.0;0.4;-0.9;0.2;0.4;0.1;0.2;-1.1;0.1;-0.6;-0.3;1.0;-0.6;-1.0;-1.1;-1.7;-0.1;-0.3;0.1;-0.5;2.2;0.8;-0.2;0.2;-1.2;-0.2;-0.1;2.2
2025-02-07;-0.6;1.3;1.0;-1.1;0.3;1.1;0.5;0.4;-1.1;0.2;-0.3;-0.4;1.0;-0.7;-0.9;-1.0;-1.7;0.4;-0.1;0.0;-0.5;2.2;0.9;-0.2;0.1;-1.0;-0.3;0.5;2.0
2025-02-08;-0.7;1.4;1.0;-1.5;0.5;0.9;0.8;0.3;-0.8;0.1;-0.1;-0.5;0.9;-1.0;-0.9;-1.0;-1.7;0.2;0.1;-0.2;-0.5;2.2;0.9;-0.2;0.1;-1.1;-0.2;0.1;1.3
2025-02-09;-0.8;1.4;1.0;-1.2;0.4;0.5;0.8;0.8;-1.0;0.0;-0.3;-0.5;1.3;-1.2;-0.9;-0.9;-1.7;0.2;0.2;-0.4;-0.7;2.1;0.8;-0.1;0.6;-1.0;-0.4;-0.4;0.9
2025-02-10;-0.9;1.4;0.8;-1.1;0.3;0.8;0.9;0.7;-1.0;-0.2;-0.4;-0.6;1.6;-1.4;-0.9;-0.8;-1.5;0.2;0.2;-0.6;-0.3;2.1;0.7;-0.1;0.2;-1.3;-0.6;-0.5;1.3
2025-02-11;-1.0;1.2;0.6;-1.2;0.3;0.8;0.8;0.4;-1.2;-0.5;-0.5;-0.6;1.4;-1.1;-0.9;-0.9;-1.3;-0.1;0.3;-0.7;0.0;2.1;0.4;0.0;0.1;-1.2;-0.5;-0.7;1.2
2025-02-12;-1.0;0.9;0.3;-0.1;0.5;0.5;0.8;0.4;-0.9;-0.6;-0.6;-0.6;1.3;-0.7;-0.8;-0.9;-1.1;-0.3;0.2;-0.8;0.0;1.8;0.2;-0.1;-0.5;-1.1;0.0;-0.9;1.1
2025-02-13;-0.9;0.7;-0.1;0.5;0.5;0.9;0.9;0.4;-0.6;-0.8;-0.7;-0.7;1.2;-0.8;-0.9;-0.8;-1.0;-0.5;0.1;-0.9;0.0;1.6;-0.1;-0.2;-0.9;-1.0;0.1;-1.2;0.9
2025-02-14;-0.9;0.5;-0.1;0.5;0.4;1.0;0.6;0.1;-0.2;-1.1;-0.8;-0.8;1.2;-0.5;-1.0;-0.6;-0.9;-0.6;-0.2;-1.0;0.1;1.7;-0.3;0.0;-1.3;-1.0;0.4;-1.3;0.8
2025-02-15;-0.8;0.3;-0.2;0.3;0.2;0.6;0.7;-0.1;-0.6;-1.4;-0.8;-0.3;1.1;0.0;-1.1;-0.5;-0.8;-0.8;-0.2;-1.0;0.5;1.6;-0.5;0.2;-1.4;-1.2;0.4;-1.5;1.3
2025-02-16;-0.7;0.1;-0.3;0.2;-0.1;0.3;0.7;-0.2;-1.0;-1.3;-0.9;0.1;1.0;-0.2;-1.2;-0.3;-0.7;-0.9;-0.2;-1.1;0.8;1.5;-0.7;0.0;-1.6;-1.2;0.3;-1.5;0.8
2025-02-17;-0.7;0.0;-0.1;0.2;-0.3;0.0;0.7;-0.2;-1.1;-1.2;-0.9;0.5;1.0;-0.3;-1.2;-0.2;-0.6;-0.9;-0.3;-1.2;1.1;1.1;-0.9;-0.2;-1.5;-1.4;0.2;-1.5;0.2
2025-02-18;-0.6;0.2;-0.3;0.5;-0.2;-0.1;0.5;-0.4;-1.3;-1.2;-0.9;0.8;1.0;-0.2;-1.2;-0.2;-0.5;-1.2;-0.4;-1.2;1.3;0.7;-1.2;-0.6;-1.4;-1.5;0.2;-1.7;-0.3
2025-02-19;-0.6;0.1;-0.1;0.7;-0.4;-0.4;0.3;-0.5;-1.3;-0.9;-1.0;0.5;0.9;-0.7;-1.3;-0.1;-0.5;-1.3;-0.5;-1.3;1.5;0.3;-1.2;-0.2;-1.1;-1.2;0.8;-1.8;-0.4
2025-02-20;-0.6;0.0;-0.4;0.6;-0.3;-0.6;0.2;-0.5;-1.1;-0.9;-0.7;0.3;0.9;-0.7;-1.2;0.0;-0.4;-1.3;-0.7;-1.4;1.7;0.2;-1.2;-0.1;-1.2;-1.2;0.8;-1.8;-0.5
2025-02-21;-0.5;-0.1;-0.6;0.6;-0.3;-0.6;0.9;-0.4;-1.3;-0.7;-0.4;0.1;0.9;-0.8;-1.2;0.0;-0.4;-1.2;-0.9;-1.3;1.5;0.1;-1.2;0.0;-1.1;-1.2;0.8;-1.8;-0.6
2025-02-22;-0.5;1.1;-0.9;0.7;-0.2;-0.9;1.7;-0.1;-0.2;-0.6;-0.2;0.6;0.9;-0.6;-1.2;0.1;-0.3;-1.1;-1.0;-0.5;1.1;-0.1;-1.2;-0.2;-0.9;-1.0;1.1;-1.7;-0.1
2025-02-23;-0.5;1.8;-0.5;1.1;-0.6;-0.4;1.4;-0.3;-0.4;-1.0;0.1;0.6;0.9;-0.6;-1.1;0.1;-0.3;-1.2;-0.8;-0.5;0.6;-0.2;-1.3;-0.2;-0.9;-1.3;1.0;-1.8;-0.1
2025-02-24;-0.5;1.7;-0.8;0.4;-0.5;-0.4;1.1;-0.4;-0.5;-1.2;0.2;0.5;0.9;-0.5;-1.1;0.2;-0.3;-1.1;-0.6;-0.5;0.9;-0.4;-1.3;-0.3;-1.0;-1.4;0.7;-1.6;0.2
2025-02-25;-0.5;1.6;-0.8;0.2;-0.4;-0.6;0.8;-0.4;0.0;-1.2;0.4;0.5;0.9;-0.3;-1.0;0.2;-0.3;-1.0;-0.5;-0.5;0.5;-0.4;-1.3;-0.4;-1.0;-1.2;1.0;-1.5;0.0
2025-02-26;-0.4;1.2;-0.9;0.2;-0.5;-0.7;0.5;-0.5;0.3;-1.1;0.5;0.5;1.0;-0.3;-1.0;0.2;-0.3;-1.0;-0.5;-0.5;0.3;-0.5;-1.3;-0.3;-0.6;-1.0;1.1;-1.3;-0.1
2025-02-27;-0.4;1.9;-0.7;0.9;-0.4;-0.9;0.6;-0.6;0.9;-1.2;0.6;0.4;0.5;-0.2;-0.9;0.2;-0.3;-1.0;-0.7;-0.1;0.1;-0.6;-1.2;-0.2;-0.2;-0.7;0.8;-1.2;-0.1
2025-02-28;-0.4;1.5;-0.9;1.0;-0.2;-0.7;0.4;-0.7;0.9;-1.4;0.7;0.2;0.3;-0.1;-0.7;0.2;-0.4;-1.0;-0.6;0.2;0.0;-0.7;-1.2;-0.1;-0.4;-0.5;1.1;-1.2;-0.2
2025-03-01;-0.4;1.2;-1.1;1.1;-0.2;-0.3;0.3;-0.7;0.6;-1.4;0.7;0.7;0.2;0.4;-0.6;0.3;-0.5;-1.0;0.0;0.5;0.0;-0.8;-1.3;-0.4;-0.4;-0.3;1.0;-1.1;-0.5
2025-03-02;-0.4;1.0;-1.2;1.0;-0.1;0.3;0.2;-0.7;0.4;-1.9;0.8;1.1;0.0;0.4;-0.5;0.3;-0.6;-1.1;-0.2;0.8;0.2;-0.9;-1.3;-0.3;-0.5;-0.2;0.9;-1.1;0.0
2025-03-03;-0.4;0.7;-1.1;0.4;-0.1;0.2;0.1;-0.8;0.3;-2.0;0.9;1.6;-0.1;0.1;-0.3;0.3;-0.6;-1.1;-0.4;1.2;-0.2;-0.7;-1.3;-0.4;-0.6;-0.6;0.8;-1.1;-0.2
2025-03-04;-0.4;0.8;-1.4;0.5;0.2;-0.1;-0.1;-0.6;0.2;-1.9;0.9;2.1;-0.3;0.0;0.0;0.3;-0.7;-1.1;-0.5;1.5;-0.5;-0.4;-1.4;-0.4;-0.8;-0.9;0.5;-1.1;-0.5
2025-03-05;-0.4;0.7;-0.9;0.7;0.5;-0.3;-0.1;-0.7;-0.2;-1.7;0.9;2.5;-0.3;0.1;0.0;0.3;-0.8;-0.9;-0.5;1.7;-0.8;-0.4;-1.3;-0.4;-0.9;-1.1;0.3;-1.1;-0.1
2025-03-06;-0.4;0.9;-0.9;1.2;0.7;-0.2;-0.2;-0.6;-0.4;-1.5;1.0;2.8;-0.4;0.2;-0.1;0.3;-0.8;-0.8;-0.2;1.9;-0.7;-0.5;-1.1;-0.3;-0.9;-1.3;0.1;-0.9;-0.1
2025-03-07;-0.4;0.7;-0.7;1.0;0.9;-0.6;-0.5;-0.5;-0.3;-1.4;1.0;3.1;-0.5;-0.1;-0.1;0.3;-0.8;-0.6;-0.2;1.7;-1.0;-0.6;-1.1;0.2;-0.8;-1.5;0.1;-0.7;0.1
2025-03-08;-0.4;1.3;-0.9;0.5;1.3;-0.4;-0.8;-0.2;-0.6;-1.4;1.0;2.9;-0.6;-0.4;-0.2;0.3;-0.9;-0.3;0.0;2.2;-0.2;0.3;-0.7;0.5;-0.7;-1.5;0.0;-0.5;0.1
2025-03-09;-0.4;0.7;-1.1;0.2;1.2;0.4;-1.1;-0.3;-0.8;-1.2;1.0;2.9;-0.7;-0.1;0.0;0.3;-0.9;-0.3;0.3;2.5;-0.4;1.1;-0.4;0.7;-0.8;-1.5;-0.4;-0.3;0.2
2025-03-10;-0.4;0.3;-1.1;0.6;1.1;0.6;-1.2;-0.1;-0.9;-1.1;1.1;2.5;-0.7;-0.2;-0.2;0.3;-0.9;-0.2;0.8;2.7;-0.7;1.0;-0.5;0.8;-0.3;-1.5;-0.5;-0.5;0.6
2025-03-11;-0.4;-0.1;-1.1;0.2;0.9;0.4;-1.2;-0.1;-1.1;-0.8;1.1;2.1;-0.8;0.4;-0.3;0.3;-0.9;-0.4;1.2;2.2;-1.0;1.0;-0.4;0.7;-0.3;-1.4;-0.5;-0.7;0.4
2025-03-12;-0.4;-0.4;-1.2;0.0;0.8;0.2;-1.3;-0.1;-1.3;-0.7;1.1;1.8;-0.1;0.4;-0.3;0.3;-1.0;-0.4;1.3;2.0;-1.1;0.6;-0.5;0.6;-0.3;-1.2;-0.3;-0.9;0.3
2025-03-13;-0.4;-0.5;-1.2;0.1;0.4;0.8;-1.3;-0.1;-1.4;-0.8;1.1;1.6;0.5;0.2;0.1;0.3;-1.0;-0.5;1.2;1.9;-1.2;0.7;-0.5;0.3;-0.5;-1.1;-0.1;-1.1;1.1
2025-03-14;-0.4;-0.6;-1.4;0.2;0.4;0.8;-1.4;0.4;-1.6;-0.8;1.1;1.3;0.3;-0.1;0.1;0.3;-1.0;-0.6;1.2;1.6;-1.1;0.7;-0.5;0.2;-0.3;-1.0;-0.1;-1.3;1.4
2025-03-15;-0.4;-0.7;-1.5;0.8;0.3;0.4;-1.2;0.4;-1.7;-0.7;1.1;1.1;0.2;-0.3;0.2;0.4;-1.0;-0.6;1.3;1.4;-1.1;0.6;-0.6;0.3;-0.4;-0.6;0.3;-1.5;1.1
2025-03-16;-0.4;-0.8;-1.7;1.3;0.1;0.2;-1.1;0.3;-1.6;-0.3;1.1;0.9;0.1;0.1;0.3;0.6;-1.0;-0.7;1.3;1.2;-1.1;0.2;-0.7;0.2;-0.5;-0.1;-0.1;-1.6;1.4
2025-03-17;-0.4;-1.0;-1.7;1.7;0.2;-0.1;-0.9;0.4;-1.8;-0.4;1.1;0.7;0.0;0.1;0.3;0.7;-1.0;-0.9;1.3;1.0;-0.8;0.0;-0.7;0.1;-0.4;0.1;-0.3;-1.7;1.0
2025-03-18;-0.4;-1.0;-1.3;2.0;0.0;0.3;-0.5;0.4;-2.0;-0.2;1.1;0.6;-0.1;0.1;0.3;0.7;-1.0;-1.0;0.7;0.8;-0.7;0.2;-0.9;-0.2;-0.3;0.4;-0.2;-1.9;1.4
2025-03-19;-0.4;-1.0;-1.2;1.7;0.0;0.2;-0.2;0.5;-1.3;0.0;1.1;0.5;-0.1;0.2;0.2;0.8;-1.0;-1.0;0.4;0.5;-0.6;0.9;-0.9;-0.2;-0.4;0.3;0.3;-1.9;1.5
2025-03-20;-0.4;-0.6;-1.0;1.4;0.1;-0.1;0.1;0.6;-1.2;0.1;1.1;0.4;-0.1;0.2;0.1;0.9;-0.5;-0.9;0.5;0.2;-0.2;0.6;-0.8;0.0;-0.1;0.1;0.7;-1.8;1.1
2025-03-21;-0.4;-0.7;-1.2;1.3;-0.1;-0.3;0.0;0.6;-1.1;0.1;1.3;0.3;-0.2;0.3;0.1;0.9;-0.1;-0.7;0.4;0.0;-0.4;0.7;-0.6;0.0;0.1;0.0;0.7;-1.7;0.8
2025-03-22;-0.4;-0.2;-1.0;1.3;-0.4;-0.7;-0.1;0.7;-1.0;0.5;1.5;0.3;-0.2;0.0;0.8;0.9;0.3;-0.9;0.1;-0.2;-0.7;0.9;-0.4;-0.2;-0.1;0.2;0.8;-1.9;0.6
2025-03-23;-0.4;-0.4;-0.9;1.4;-0.7;-0.7;0.0;0.5;-0.8;1.0;1.6;0.2;-0.2;-0.3;1.3;1.0;0.6;-1.0;0.1;-0.4;-0.9;1.0;-0.4;-0.4;0.0;-0.1;1.1;-1.9;0.9
2025-03-24;-0.4;-0.5;-1.1;1.4;-0.9;-0.9;0.0;0.3;-0.1;1.0;1.7;0.1;-0.3;-0.4;1.1;1.0;0.9;-1.2;0.4;-0.5;-1.1;0.7;-0.5;-0.6;-0.1;-0.1;1.4;-2.0;0.9
2025-03-25;-0.4;-0.5;-1.0;1.0;-0.7;-1.0;0.1;0.6;0.0;0.9;1.8;0.0;-0.3;-0.5;1.0;1.0;1.1;-1.2;0.5;-0.4;-1.2;0.4;-0.6;-0.7;0.2;0.2;1.3;-2.1;0.9
2025-03-26;-0.4;-0.6;-0.7;0.7;-0.5;-1.0;0.5;0.6;0.4;0.9;1.9;0.1;-0.3;-0.6;0.7;1.1;0.8;-1.2;0.9;-0.4;-1.2;0.5;-0.5;-0.8;0.1;0.2;1.5;-2.1;0.7
2025-03-27;-0.4;-0.7;-1.0;1.3;-0.6;-1.1;0.8;0.5;0.4;0.7;2.0;0.1;-0.3;-0.3;0.5;1.1;0.6;-1.1;0.6;-0.3;-1.1;0.3;-0.5;-0.9;-0.1;0.1;1.2;-2.0;0.8
2025-03-28;-0.4;-0.7;-1.0;2.1;-0.7;-0.8;1.1;0.7;0.9;0.3;2.0;1.0;-0.6;-0.3;0.2;1.1;0.4;-1.0;0.9;0.3;-0.6;0.2;-0.5;-1.0;-0.4;-0.1;1.0;-1.8;1.1
2025-03-29;-0.4;-0.7;-1.0;2.8;-0.9;-0.5;1.4;0.7;1.1;0.1;2.1;0.9;0.1;-0.3;0.1;1.1;0.3;-1.0;1.5;0.8;-0.1;0.1;-0.3;-0.9;-0.6;-0.3;1.0;-1.7;1.4
2025-03-30;-0.4;-0.7;-1.0;2.7;-0.8;-0.2;1.3;0.7;1.1;-0.2;2.1;0.9;0.6;0.2;-0.1;1.1;0.1;-0.8;2.0;1.2;0.2;-0.1;-0.2;-0.6;-0.6;-0.2;0.7;-1.5;1.5
2025-03-31;-0.4;-0.6;-0.9;2.4;-0.6;-0.5;1.0;1.0;1.0;0.0;2.2;0.9;1.1;0.3;0.0;1.1;0.4;-0.4;2.4;1.6;0.5;-0.2;-0.2;-0.5;-0.2;-0.1;1.1;-1.2;1.7
2025-04-01;-0.4;-0.2;-1.1;2.5;-0.5;-0.3;1.1;0.9;0.6;0.1;2.2;1.2;0.8;0.4;0.1;1.1;0.6;-0.4;1.8;1.9;1.4;-0.2;-0.1;-0.4;0.0;0.1;0.8;-1.1;1.9
2025-04-02;-0.4;-0.1;-1.1;2.4;-0.1;-0.3;0.9;0.7;1.2;0.1;2.2;1.5;0.6;0.4;0.5;1.1;0.8;-0.5;1.2;2.2;1.7;-0.3;0.0;-0.2;-0.4;-0.1;0.2;-1.2;1.8
2025-04-03;-0.4;-0.1;-1.2;2.2;-0.1;-0.3;1.0;0.3;1.2;0.1;2.3;1.7;0.4;0.6;0.8;1.1;1.0;-0.7;0.8;2.4;1.9;-0.4;0.0;-0.2;-0.6;0.0;0.1;-1.3;1.7
2025-04-04;-0.4;0.0;-1.3;2.1;-0.1;-0.1;1.1;0.3;1.0;0.0;2.3;1.9;0.3;0.6;0.9;1.2;1.2;-0.6;0.3;2.6;1.8;-0.3;0.0;-0.3;-0.6;0.1;-0.1;-1.2;1.3
2025-04-05;-0.4;-0.1;-1.4;2.3;-0.2;-0.1;0.6;0.5;0.8;0.6;2.3;2.1;0.2;0.7;1.0;1.2;1.4;-0.5;0.0;2.7;1.6;-0.3;0.3;-0.5;-0.3;-0.1;0.1;-1.2;1.3
2025-04-06;-0.4;-0.1;-1.3;2.2;0.1;-0.2;0.4;0.7;0.4;0.6;2.3;2.2;0.0;0.6;1.0;1.2;1.5;-0.2;0.5;2.9;1.3;0.5;0.8;-0.5;-0.1;-0.1;0.0;-0.9;0.7
2025-04-07;-0.4;-0.2;-1.2;2.2;0.3;-0.5;0.1;0.6;0.6;0.4;2.3;2.3;-0.1;0.1;1.1;1.2;1.6;-0.3;1.0;3.0;0.9;0.5;0.9;-0.4;-0.2;-0.4;-0.1;-0.8;0.8
2025-04-08;-0.4;-0.4;-1.1;2.2;0.7;-0.7;-0.1;0.6;2.0;0.1;2.3;2.4;-0.1;-0.2;1.1;1.2;1.7;-0.2;1.1;3.1;0.8;0.2;0.8;-0.1;-0.2;-0.7;0.4;-0.7;1.2
2025-04-09;-0.4;-0.5;-0.9;1.5;0.9;-0.6;-0.1;0.5;1.7;0.2;2.3;2.5;-0.2;-0.5;1.0;1.2;1.8;-0.3;1.4;3.2;0.6;0.0;0.7;0.1;-0.3;-0.9;0.3;-0.8;0.6
2025-04-10;-0.4;-0.6;-0.8;1.1;1.0;-0.4;-0.1;0.7;1.6;0.6;2.3;2.4;-0.3;-0.7;0.8;1.2;1.9;-0.3;1.4;3.0;0.5;-0.2;0.7;0.0;0.4;-1.0;0.4;-0.7;0.5
2025-04-11;-0.4;-0.5;-0.7;1.0;1.0;-0.6;-0.3;0.9;1.1;0.3;2.3;2.2;-0.3;-0.8;0.6;1.1;2.0;-0.4;1.0;2.9;0.2;-0.4;0.4;0.0;0.4;-1.1;0.5;-1.0;0.4
2025-04-12;-0.4;-0.6;-0.6;1.0;0.8;-0.4;0.0;0.8;0.8;0.2;2.3;2.4;-0.3;-0.8;0.4;1.1;2.0;-0.6;0.7;2.7;-0.1;-0.5;0.2;0.0;0.7;-1.3;1.2;-1.2;0.4
2025-04-13;-0.4;-0.7;-0.8;0.8;0.5;-0.3;0.0;0.9;1.0;-0.2;2.4;2.4;-0.3;-0.8;0.2;1.1;2.1;-0.6;0.5;2.4;-0.4;-0.4;0.4;-0.1;0.2;-1.5;0.9;-1.4;0.9
2025-04-14;-0.4;-0.7;-0.6;0.5;0.5;-0.6;0.0;1.1;0.7;0.1;2.1;2.4;-0.3;-0.4;0.1;1.0;2.0;-0.2;0.2;2.1;-0.7;-0.3;0.6;-0.1;0.3;-1.7;0.7;-1.1;1.5
2025-04-15;-0.4;-0.9;-0.3;0.5;0.5;-0.6;-0.2;1.4;0.5;0.0;1.8;2.0;-0.5;-0.7;0.0;1.0;2.0;0.0;0.0;1.9;-0.7;-0.3;0.7;0.0;0.4;-1.9;1.3;-1.0;1.2
2025-04-16;-0.4;-0.5;-0.1;0.4;0.5;-0.6;0.2;1.2;0.2;-0.3;1.7;1.9;-0.6;-0.6;0.0;0.5;1.9;0.0;-0.2;1.7;-0.7;-0.2;0.6;0.1;0.0;-2.1;1.4;-0.8;1.0
2025-04-17;-0.4;-0.5;-0.4;0.2;0.6;-0.7;0.1;1.0;0.3;-0.7;1.5;1.9;-0.9;-0.6;-0.1;0.2;1.9;-0.1;0.2;1.4;-0.8;-0.1;0.6;0.3;-0.4;-2.1;1.8;-0.7;0.7
2025-04-18;-0.4;-0.6;-0.1;-0.1;0.3;-0.7;-0.1;0.6;0.4;-0.7;1.3;1.6;-1.1;-0.5;0.2;0.0;1.5;-0.2;-0.1;1.2;-0.9;-0.1;0.5;0.3;-0.7;-2.1;1.8;-0.7;0.5
2025-04-19;-0.4;-0.7;0.2;-0.4;0.2;-0.9;-0.2;0.0;0.2;-1.2;1.2;1.3;-1.3;-0.8;0.2;-0.2;1.2;-0.4;-0.3;1.0;-1.1;-0.1;0.2;0.4;-0.7;-2.2;2.1;-0.7;0.4
2025-04-20;-0.4;-0.6;0.7;-0.1;0.1;-0.9;-0.3;0.0;0.0;-1.3;1.1;1.1;-1.4;-1.1;0.3;-0.3;1.0;-0.5;-0.3;1.1;-1.3;-0.1;0.1;0.2;-0.8;-2.3;1.9;-0.9;0.7
2025-04-21;-0.4;-0.7;0.8;0.2;0.2;-0.7;-0.5;-0.1;-0.1;-1.9;1.2;0.8;-1.5;-1.2;0.3;-0.4;1.1;-0.4;-0.5;1.2;-1.5;-0.2;0.2;0.2;-1.0;-2.4;1.5;-0.8;1.0
2025-04-22;-0.4;-0.9;0.5;-0.2;0.1;-0.7;-0.4;-0.3;-0.3;-2.0;1.1;0.7;-1.6;-1.2;0.3;-0.2;1.1;-0.7;-0.7;1.0;-1.7;-0.2;0.2;0.1;-1.2;-2.5;1.4;-1.0;0.8
2025-04-23;-0.4;-1.0;0.1;-0.4;0.3;-0.7;-0.2;-0.3;-0.4;-1.9;1.1;0.5;-1.7;-1.0;0.3;0.0;1.2;-0.7;-0.9;0.7;-1.7;-0.3;0.0;0.2;-1.4;-2.4;1.5;-1.0;1.0
2025-04-24;-0.4;-1.1;-0.2;-0.5;0.1;-0.8;-0.3;-0.1;-0.2;-1.8;1.0;0.3;-1.4;-1.0;0.2;0.2;1.2;-0.6;-1.1;0.5;-1.7;-0.3;0.1;0.0;-1.7;-2.4;1.7;-0.8;0.8
2025-04-25;-0.4;-1.3;-0.4;-0.4;-0.1;-0.7;-0.2;-0.2;0.5;-2.0;0.9;0.0;-1.2;-1.1;0.1;0.3;1.3;-0.6;-0.9;0.3;-1.8;-0.3;0.1;-0.2;-1.8;-2.4;2.0;-0.8;1.2
2025-04-26;-0.4;-1.4;-0.7;-0.6;-0.4;-0.7;-0.6;-0.4;0.2;-2.2;0.9;-0.1;-1.3;-1.1;0.7;0.3;1.3;-0.8;-0.7;0.1;-1.9;-0.2;-0.1;-0.6;-2.1;-2.5;1.8;-1.0;1.1
2025-04-27;-0.4;-1.4;-0.4;0.0;-0.3;-0.7;-0.8;-0.6;-0.1;-2.5;0.8;-0.4;-1.1;-0.9;1.2;0.3;1.4;-0.9;0.0;-0.2;-2.0;-0.2;-0.2;-0.7;-2.5;-2.5;1.6;-1.0;1.0
2025-04-28;0.0;-1.5;-0.6;-0.2;-0.3;-0.8;-0.7;-0.7;-0.4;-2.0;0.7;-0.5;-1.1;-1.0;1.7;0.4;1.4;-0.9;-0.2;-0.4;-1.9;0.4;-0.3;-0.8;-2.1;-2.3;1.3;-1.0;0.8
2025-04-29;0.3;-1.6;-0.3;-0.4;-0.3;-0.3;-0.5;-0.4;-0.5;-1.6;0.7;-0.6;-1.2;-1.0;2.0;0.4;1.4;-0.7;-0.1;-0.5;-1.6;0.2;-0.3;-0.7;-1.7;-2.4;1.2;-0.9;0.8
2025-04-30;0.5;-1.4;-0.3;-0.6;-0.1;0.3;-0.1;-0.1;-0.5;-1.4;0.7;-0.5;-1.2;-1.2;1.5;0.4;1.4;-0.5;-0.2;-0.6;-1.1;0.0;-0.3;-0.7;-1.5;-2.2;0.9;-0.8;1.1
2025-05-01;0.7;-1.3;-0.4;-0.7;-0.3;0.8;-0.2;-0.1;-0.7;-1.3;0.6;-0.4;-1.3;-1.4;1.2;0.4;1.4;-0.6;-0.3;-0.7;-1.0;-0.2;-0.2;-0.8;-1.8;-2.2;0.8;-1.0;0.9
2025-05-02;0.9;-1.3;-0.7;-0.7;-0.3;0.6;0.1;0.0;-0.5;-1.3;0.6;-0.3;-1.3;-1.4;0.9;0.4;1.4;-0.6;-0.5;-0.8;-0.7;-0.3;-0.2;-0.8;-2.0;-2.1;1.0;-1.0;0.6
2025-05-03;1.0;-0.9;-1.0;-1.0;-0.5;0.5;0.5;-0.1;-0.3;-1.0;0.6;-0.5;-1.3;-1.3;0.7;0.4;1.4;-0.7;-0.2;-1.0;-0.6;-0.4;-0.1;-0.9;-1.4;-2.2;1.7;-1.0;0.3
2025-05-04;1.2;-0.5;-1.2;-1.5;-0.4;0.4;0.5;-0.3;-0.6;-0.9;0.6;-0.7;-1.3;-0.6;0.5;0.5;1.4;-0.8;-0.5;-1.1;-0.5;-0.5;-0.1;-0.9;-1.5;-1.9;1.7;-1.0;-0.1
2025-05-05;1.3;-0.6;-1.2;-1.9;-0.5;-0.1;0.2;-0.4;-0.9;-0.9;0.5;-0.8;-1.3;-0.4;0.3;0.5;1.5;-1.0;-0.7;-1.2;-0.1;-0.6;-0.1;-0.9;-1.5;-1.7;1.6;-1.2;0.5
2025-05-06;1.4;-0.7;-1.3;-1.9;-0.5;-0.3;0.2;-0.4;-0.6;-1.0;0.5;-0.9;-1.3;0.0;0.1;0.5;1.5;-0.8;-0.9;-1.3;-0.4;-0.6;0.1;-1.0;-1.4;-1.5;1.5;-1.1;0.3
2025-05-07;1.5;-0.7;-1.4;-1.5;-0.7;-0.4;0.3;-0.5;-0.7;-0.8;0.5;-0.9;-1.3;0.2;0.0;0.5;1.5;-0.8;-1.1;-1.3;-0.6;-0.6;0.1;-1.1;-1.0;-1.5;1.8;-0.8;0.4
2025-05-08;1.5;-0.7;-1.4;-1.4;-1.0;-0.5;0.2;-0.6;-0.9;-1.0;0.5;-0.9;-1.2;0.6;-0.1;0.5;1.5;-0.8;-0.5;-1.4;-0.8;-0.6;0.2;-1.2;-1.3;-1.5;1.9;-1.0;0.6
2025-05-09;1.4;-0.6;-1.5;-1.1;-1.2;-0.7;0.2;-0.5;-0.7;-1.2;0.5;-1.0;-1.4;0.4;-0.2;0.5;1.1;-0.6;0.0;-1.5;-0.8;0.4;0.2;-1.2;-1.6;-1.7;2.0;-0.9;0.4
2025-05-10;1.4;-0.6;-1.7;-1.3;-1.5;-0.6;0.1;-0.5;-0.8;-1.1;0.5;-1.0;-1.5;0.6;-0.3;0.5;0.7;-0.5;0.6;-1.5;-0.8;0.3;0.1;-1.4;-1.7;-1.8;2.4;-0.6;0.3
2025-05-11;1.3;-0.8;-1.7;-1.8;-1.7;-0.7;-0.2;-0.4;-1.1;-1.5;0.5;-1.0;-1.6;0.2;-0.4;0.5;0.5;-0.5;1.1;-1.4;-0.8;0.1;-0.1;-1.7;-2.4;-1.9;2.6;-0.4;0.0
2025-05-12;1.3;-0.8;-1.8;-1.5;-1.9;-0.8;-0.3;0.1;-1.3;-1.6;0.5;-1.0;-1.7;-0.2;-0.6;0.5;0.4;-0.3;1.2;-1.4;-0.9;-0.2;-0.3;-1.8;-2.3;-2.0;2.7;-0.6;-0.4
2025-05-13;1.3;-0.2;-1.8;-1.4;-1.9;-0.7;-0.4;0.6;-1.5;-1.2;0.5;-1.0;-1.8;-0.2;-0.7;0.5;0.1;-0.2;1.3;-1.5;-1.0;-0.4;-0.4;-1.8;-1.9;-2.0;2.6;-0.9;-0.7
2025-05-14;1.2;-0.2;-1.8;-0.8;-1.9;-0.4;0.0;1.0;-1.3;-1.4;0.5;-0.5;-1.8;-0.3;-0.8;0.5;-0.1;0.0;1.1;-1.6;-1.0;-0.5;-0.7;-1.7;-2.1;-2.1;2.5;-1.0;-0.9
2025-05-15;1.2;-0.1;-1.6;-0.4;-2.0;-0.2;0.0;1.2;-1.4;-1.4;0.5;0.0;-1.9;-0.2;-0.9;0.5;-0.3;-0.1;0.6;-0.8;-0.9;-0.5;-1.0;-1.6;-1.7;-2.1;2.1;-0.9;-1.2
2025-05-16;1.2;0.1;-1.5;-0.2;-1.9;0.0;0.4;1.2;-1.4;-1.4;0.5;0.4;-2.0;-0.4;-0.9;0.5;-0.4;-0.2;0.4;-0.9;-0.7;-0.6;-1.2;-1.4;-1.5;-2.2;2.2;-0.8;-1.3
2025-05-17;1.1;0.2;-1.7;-0.9;-1.7;-0.2;0.2;1.3;-1.6;-1.3;0.5;0.1;-2.0;-0.7;-1.0;0.5;-0.6;-0.1;0.3;-1.0;-0.6;-0.6;-1.3;-1.5;-1.4;-2.2;2.5;-0.7;-1.3
2025-05-18;1.1;0.3;-1.1;-1.4;-1.6;0.1;0.4;1.1;-1.6;-1.7;0.5;-0.2;-2.0;-0.9;-0.9;0.5;-0.7;-0.2;0.0;-1.2;-0.5;-0.7;-1.2;-1.3;-1.9;-2.0;2.4;-0.6;-1.2
2025-05-19;1.1;0.4;-0.9;-1.5;-1.6;-0.2;0.6;0.7;-1.3;-1.8;0.6;-0.3;-2.1;-0.8;-1.0;0.5;-0.8;-0.4;0.1;-1.1;-0.7;-0.8;-1.3;-1.4;-2.1;-2.1;2.0;-0.8;-1.2
2025-05-20;1.1;0.2;-0.6;-1.3;-1.6;0.0;0.9;0.8;-1.2;-1.6;0.2;-0.4;-2.0;-0.7;-1.0;0.2;-0.9;-0.3;-0.1;-1.1;-0.5;-0.9;-1.5;-1.3;-1.8;-1.9;1.7;-1.0;-1.2
2025-05-21;1.1;0.1;-0.2;-0.9;-1.4;-0.1;0.9;0.8;-1.4;-1.2;-0.1;-0.5;-1.8;-0.8;-1.0;0.0;-0.9;-0.1;-0.4;-1.1;-0.6;-1.0;-1.3;-1.4;-1.1;-1.9;1.7;-0.7;-1.3
2025-05-22;1.1;0.0;0.1;-0.9;-1.3;-0.3;0.8;0.6;-1.5;-0.6;0.1;-0.4;-1.6;-0.7;-1.0;-0.2;-1.0;-0.1;-0.3;-1.0;-0.7;-1.0;-1.2;-1.2;-0.8;-2.0;1.4;-0.5;-1.3
2025-05-23;1.1;-0.2;0.4;-0.9;-1.2;-0.3;1.1;0.6;-1.7;-0.3;0.3;-0.3;-1.5;-0.5;-1.0;-0.4;-1.0;0.0;-0.3;-1.0;-0.6;-1.0;-1.2;-1.3;-0.5;-2.1;1.7;-0.4;-0.9
2025-05-24;1.1;-0.5;0.5;-1.1;-1.0;-0.7;1.2;0.7;-1.9;-0.1;0.5;-0.4;-1.4;-0.6;-0.9;-0.5;-1.1;0.1;-0.3;-0.9;-0.7;-1.0;-1.1;-1.1;-0.4;-1.9;2.4;0.0;-1.2
2025-05-25;1.1;-0.7;0.6;-1.1;-0.9;-0.6;1.3;0.6;-2.0;-0.2;0.6;-0.5;-1.4;-0.6;-0.9;-0.7;-1.1;0.2;-0.3;-0.9;-0.7;-0.8;-0.8;-0.8;-0.1;-1.7;2.6;0.3;-1.2
2025-05-26;1.1;-0.9;0.8;-1.1;-1.1;-0.8;1.3;0.7;-2.1;0.0;0.7;-0.5;-1.3;-0.4;-0.7;-0.8;-1.2;0.4;-0.3;-1.0;-0.4;-0.8;-0.5;-0.9;0.3;-1.8;2.1;0.5;-1.4
2025-05-27;1.1;0.1;0.7;-0.9;-1.1;-0.9;1.2;0.8;-2.1;-0.3;0.8;-0.7;-1.3;-0.4;-0.5;-0.9;-1.2;0.5;-0.3;-1.2;-0.5;-0.9;-0.3;-1.1;0.1;-1.9;2.8;0.7;-1.3
2025-05-28;1.0;1.0;0.7;-0.8;-1.1;-0.6;1.2;0.6;-1.9;0.2;0.8;-0.9;-1.3;-0.4;-0.3;-0.9;-1.2;0.5;-0.2;-1.3;-0.8;-1.1;-0.2;-1.0;0.1;-1.8;3.2;0.9;-1.1
2025-05-29;1.0;0.9;0.6;-0.8;-0.9;-0.2;1.0;0.6;-1.6;0.3;0.9;-1.0;-1.4;-0.7;-0.3;-1.0;-1.3;0.3;0.0;-1.4;-0.8;-1.1;-0.2;-0.8;0.1;-1.9;2.7;0.7;-1.2
2025-05-30;1.0;0.6;0.9;-0.9;-0.9;-0.2;1.3;0.4;-1.8;0.3;1.0;-1.0;-1.5;-0.6;-0.4;-1.1;-1.4;0.1;-0.2;-1.5;-1.0;-1.1;-0.3;-0.7;0.1;-1.8;2.5;0.5;-1.2
2025-05-31;1.0;0.3;0.6;-0.3;-0.7;-0.1;1.7;0.2;-1.9;0.5;1.0;-1.0;-1.6;-0.8;-0.5;-1.1;-1.5;0.0;-0.2;-1.6;-0.8;-1.1;-0.3;-0.4;0.2;-1.9;3.0;0.5;-1.2
2025-06-01;1.0;0.0;0.9;0.5;-0.3;0.1;1.9;0.5;-1.9;0.1;1.0;-0.9;-1.6;-0.9;-0.6;-1.1;-1.5;0.0;0.1;-1.4;-0.6;-1.0;-0.2;0.2;-0.2;-2.0;2.8;0.4;-1.3
2025-06-02;1.0;0.1;0.8;0.7;0.2;0.8;2.0;0.5;-1.7;0.0;1.1;-0.9;-1.7;-1.0;-0.7;-1.2;-1.6;-0.1;0.6;-1.1;-0.2;-0.8;-0.2;0.1;-0.3;-1.9;2.6;0.5;-1.1
2025-06-03;1.0;0.2;0.9;1.2;0.4;1.2;1.9;0.4;-1.5;0.2;1.1;-0.7;-1.7;-0.9;-0.8;-1.2;-1.7;-0.3;0.5;-0.9;0.4;-0.7;-0.2;0.3;-0.5;-1.9;2.4;0.5;-1.3
2025-06-04;1.0;0.3;0.8;0.6;0.8;1.1;1.7;0.3;-0.9;-0.1;1.1;-0.6;-1.7;-1.0;-0.7;-1.2;-1.7;0.0;0.3;-0.7;0.2;-0.4;-0.3;0.6;-0.7;-1.8;2.4;0.7;-1.4
2025-06-05;1.0;0.3;0.8;1.1;0.7;1.1;1.5;0.3;-0.8;-0.4;1.1;-0.6;-1.6;-0.8;-0.6;-1.3;-1.7;0.1;0.0;-0.8;-0.2;-0.4;-0.1;0.7;-0.9;-1.7;2.2;0.8;-1.4
2025-06-06;1.0;0.1;0.4;1.1;0.7;1.2;1.8;0.2;-0.7;-0.4;1.2;-0.7;-1.6;-0.9;-0.5;-1.3;-1.8;0.1;0.4;-0.7;-0.4;-0.2;0.3;0.6;-0.7;-1.7;2.2;1.0;-1.1
2025-06-07;1.0;0.0;0.1;1.4;0.5;0.7;1.9;0.1;-0.6;-0.5;1.2;-0.8;-1.6;-0.8;-0.5;-1.3;-1.8;-0.1;0.7;-0.7;0.1;-0.3;0.7;0.3;-0.4;-1.4;2.2;0.6;-0.7
2025-06-08;1.0;-0.2;-0.2;1.9;0.8;0.8;1.8;0.6;-0.8;-0.8;1.2;-0.9;-1.6;-0.8;-0.5;-1.3;-1.8;0.0;1.0;-0.7;0.5;-0.4;0.8;0.5;-0.7;-1.4;2.8;0.5;-0.4
2025-06-09;1.0;-0.3;0.1;1.5;0.8;0.4;1.5;0.6;-1.1;-0.7;1.2;-1.0;-1.4;-0.7;-0.5;-1.3;-1.8;-0.2;0.7;-0.6;0.2;-0.6;0.8;0.6;-0.8;-1.1;3.4;0.1;-0.2
2025-06-10;1.0;0.0;0.3;1.9;0.7;0.5;1.4;0.7;-1.0;-0.1;1.1;-1.1;-1.2;-0.6;-0.5;-1.3;-1.8;0.2;0.7;-0.7;0.2;-0.7;1.1;0.8;-0.6;-1.2;3.9;0.3;-0.2
2025-06-11;1.0;-0.1;0.2;1.6;0.4;0.1;1.3;1.0;-0.5;0.3;1.1;-0.9;-1.0;-0.5;-0.5;-1.3;-1.8;0.5;0.6;-0.7;0.1;-0.9;1.1;0.4;-0.4;-1.1;4.0;0.6;-0.6
2025-06-12;1.0;-0.3;0.8;1.6;0.3;-0.3;1.5;0.8;-0.7;0.4;1.0;-0.8;-0.9;-0.4;-0.5;-1.3;-1.8;0.4;0.3;-0.9;0.3;-1.0;1.1;0.6;-0.3;-1.1;3.6;0.5;-0.5
2025-06-13;1.0;0.0;1.4;2.2;0.2;-0.4;1.2;0.9;-0.8;0.5;1.0;-0.7;-1.0;-0.1;-0.7;-1.3;-1.9;0.7;0.1;-0.8;0.6;-1.0;0.9;0.7;-0.6;-0.9;3.4;0.8;-0.8
2025-06-14;1.0;0.3;2.1;3.1;0.2;-0.1;1.3;1.2;-0.6;0.8;1.0;-0.5;-1.0;0.6;-0.7;-1.2;-1.8;1.1;0.2;-0.5;1.0;-0.7;1.0;1.0;-0.5;-0.5;3.5;1.4;-0.8
2025-06-15;1.0;0.4;2.3;3.2;0.1;-0.4;1.1;1.1;-0.9;0.7;0.9;-0.5;-1.1;1.1;-0.9;-1.2;-1.8;1.2;-0.1;-0.5;1.1;-0.7;0.8;1.0;-0.8;-0.1;3.0;1.5;-1.0
2025-06-16;1.0;0.4;2.5;3.2;0.0;-0.6;1.1;1.1;-1.1;0.6;0.9;-0.5;-1.2;1.4;-1.0;-1.2;-1.9;1.3;-0.3;-0.5;1.1;-0.7;0.6;1.0;-1.1;0.4;2.6;1.7;-1.2
2025-06-17;1.0;0.3;2.5;3.1;-0.2;-1.0;1.1;1.0;-1.4;0.5;0.8;-0.5;-1.3;1.7;-1.1;-1.2;-1.9;1.4;-0.6;-0.6;1.0;-0.7;0.5;0.9;-1.4;0.8;2.1;1.7;-1.4
2025-06-18;1.0;0.4;2.8;3.4;-0.1;-0.7;1.5;1.1;-1.2;0.5;0.9;-0.5;-1.3;2.0;-1.0;-1.1;-1.9;1.6;-0.5;-0.4;1.3;-0.5;0.5;1.1;-1.3;1.4;2.1;2.1;-1.3
2025-06-19;1.0;0.2;2.5;2.7;-0.3;-1.1;1.5;0.8;-1.5;0.1;0.8;-0.6;-1.5;2.0;-1.1;-1.1;-1.9;1.4;-0.8;-0.6;1.0;-0.6;0.3;0.8;-1.7;1.5;1.4;1.9;-1.6
2025-06-20;1.0;0.4;2.9;3.2;-0.1;-0.6;2.0;1.0;-1.2;0.3;0.8;-0.5;-1.3;2.1;-1.0;-0.9;-1.9;1.7;-0.5;-0.4;1.3;-0.2;0.5;1.1;-1.5;1.9;1.7;2.4;-1.4
2025-06-21;1.0;0.3;2.8;2.9;-0.2;-0.9;2.3;0.9;-1.4;0.0;0.8;-0.6;-1.4;2.1;-1.0;-0.8;-1.9;1.7;-0.7;-0.4;1.2;-0.1;0.4;1.0;-1.7;1.8;1.3;2.4;-1.5
2025-06-22;1.0;0.3;2.9;2.8;-0.1;-0.9;2.7;0.9;-1.3;-0.1;0.8;-0.6;-1.4;2.0;-1.0;-0.6;-1.9;1.8;-0.6;-0.4;1.3;0.1;0.4;1.1;-1.6;1.6;1.2;2.6;-1.4
2025-06-23;1.0;0.2;2.8;2.6;-0.1;-1.0;3.1;0.8;-1.4;-0.3;0.8;-0.6;-1.4;1.9;-0.9;-0.5;-1.9;1.8;-0.7;-0.4;1.3;0.3;0.4;1.1;-1.7;1.9;1.0;2.7;-1.4
2025-06-24;1.0;0.2;3.0;2.7;0.2;-0.6;3.8;0.9;-1.2;-0.3;0.9;-0.6;-1.3;1.9;-0.8;-0.3;-1.8;2.0;-0.4;-0.2;1.5;0.6;0.5;1.3;-1.5;2.1;1.2;3.1;-1.2
2025-06-25;1.0;-0.1;2.5;1.9;0.0;-1.0;4.0;0.6;-1.5;-0.7;0.8;-0.8;-1.4;1.7;-0.9;-0.3;-1.9;1.8;-0.8;-0.4;1.2;0.5;0.3;1.0;-1.8;1.9;0.4;2.9;-1.4
2025-06-26;1.0;-0.2;2.3;1.6;0.0;-1.1;4.5;0.6;-1.5;-0.9;0.8;-0.8;-1.4;1.5;-0.8;-0.1;-1.9;1.8;-0.8;-0.4;1.1;0.7;0.4;1.0;-1.8;1.8;0.2;3.0;-1.4
2025-06-27;1.0;-0.3;2.2;1.2;0.0;-1.3;4.9;0.5;-1.6;-1.1;0.8;-0.9;-1.4;1.4;-0.8;0.0;-1.9;1.7;-0.8;-0.4;1.1;0.9;0.4;1.0;-1.9;1.7;0.0;3.1;-1.3
2025-06-28;1.0;-0.3;2.3;1.3;0.3;-1.0;5.5;0.6;-1.3;-1.2;0.9;-0.9;-1.2;1.3;-0.6;0.2;-1.9;1.9;-0.6;-0.3;1.2;1.2;0.5;1.1;-1.7;1.6;0.2;3.4;-1.1
2025-06-29;1.0;-0.5;1.9;0.6;0.2;-1.3;5.7;0.4;-1.6;-1.5;0.9;-1.0;-1.3;1.2;-0.6;0.3;-1.9;1.8;-0.8;-0.3;1.0;1.3;0.4;1.0;-1.8;1.4;-0.3;3.3;-1.1
2025-06-30;1.0;-0.7;1.8;0.3;0.3;-1.4;5.3;0.3;-1.6;-1.7;0.9;-1.0;-1.3;1.0;-0.5;0.5;-1.9;1.8;-0.8;-0.3;1.0;1.5;0.5;0.9;-1.8;1.2;-0.4;3.4;-1.1
2025-07-01;1.0;-0.9;1.5;-0.2;0.3;-1.6;4.7;0.2;-1.7;-2.1;0.9;-1.2;-1.3;0.9;-0.5;0.6;-2.0;1.7;-0.9;-0.4;0.8;1.6;0.4;0.8;-1.9;1.0;-0.8;3.4;-1.1
2025-07-02;1.0;-1.0;1.3;-0.5;0.4;-1.5;3.9;0.1;-1.5;-2.2;0.9;-1.2;-1.2;0.8;-0.4;0.8;-1.9;1.7;-0.8;-0.4;0.8;1.6;0.5;0.8;-1.8;0.8;-0.9;3.5;-1.0
2025-07-03;1.0;-1.0;1.1;-0.7;0.3;-1.2;3.4;0.0;-1.6;-1.7;0.9;-1.2;-1.1;0.6;-0.5;0.9;-1.9;1.3;-0.8;-0.4;0.6;1.4;0.5;0.4;-1.5;0.5;-0.6;2.9;-0.4
2025-07-04;1.0;-0.9;1.2;-0.1;0.3;-1.3;2.8;0.3;-0.8;-1.8;1.0;-1.3;-1.0;0.6;-0.6;1.0;-1.9;1.4;-0.7;-0.5;0.6;1.3;0.5;0.3;-1.1;0.4;-0.3;2.6;-0.7
2025-07-05;1.0;-0.9;1.7;0.5;0.5;-1.4;2.8;0.6;-0.1;-1.7;1.0;-1.3;-1.0;0.3;-0.7;1.1;-1.9;1.2;-0.7;-0.6;0.4;1.2;0.5;0.0;-0.9;0.3;-0.4;1.9;-0.6
2025-07-06;1.0;-0.9;1.4;1.8;0.4;-1.2;2.4;0.6;0.1;-2.0;1.0;-1.3;-0.9;0.3;-0.6;1.2;-1.9;0.8;-0.3;-0.6;0.1;1.1;0.8;-0.1;-1.2;0.4;-0.9;1.3;-0.7
2025-07-07;1.0;-0.5;1.0;1.4;0.4;-0.8;2.4;0.6;-0.3;-1.8;1.0;-1.1;-0.9;0.3;-0.7;1.3;-1.9;0.7;0.5;-0.4;0.4;1.0;1.0;0.0;-0.9;0.2;-0.7;1.1;-0.9
2025-07-08;1.0;-0.2;0.8;0.6;0.2;0.2;2.1;0.4;-0.4;-1.3;0.6;-1.0;-1.1;0.1;-0.7;1.3;-1.5;0.9;0.2;-0.2;0.0;0.9;1.0;0.1;-0.7;-0.1;0.4;1.2;-1.1
2025-07-09;1.0;-0.2;1.0;1.2;0.1;1.0;2.0;0.7;-0.2;-1.2;0.3;-1.0;-1.3;0.0;-0.8;1.4;-1.1;1.0;0.0;-0.3;0.3;0.6;1.2;0.5;-0.5;-0.1;0.2;1.3;-1.2
2025-07-10;1.0;-0.5;0.6;1.5;0.0;1.8;1.9;0.9;0.1;-1.3;0.1;-1.0;-1.3;-0.1;-0.8;1.4;-0.8;1.0;0.3;-0.5;0.1;0.3;1.2;0.4;-0.3;0.0;0.3;1.0;-1.3
2025-07-11;1.0;-0.1;0.4;1.6;-0.2;2.4;1.6;1.1;0.1;-1.0;-0.2;-1.0;-1.2;-0.1;-0.8;1.5;-0.5;1.0;0.1;-0.6;0.1;0.1;1.1;0.1;-0.3;-0.2;0.6;0.8;-1.3
2025-07-12;1.0;0.1;0.2;1.4;-0.4;2.8;1.7;1.1;0.1;-0.8;-0.4;-1.0;-1.0;0.1;-0.8;1.5;-0.3;1.3;0.2;-0.7;0.0;0.5;1.3;0.2;0.3;-0.3;0.5;1.2;-1.4
2025-07-13;1.0;0.2;-0.1;1.4;-0.3;3.0;1.7;1.1;0.7;-1.0;-0.5;-1.0;-0.9;0.3;-0.5;1.5;0.1;1.3;0.1;-0.7;0.0;0.9;1.3;0.3;-0.1;-0.4;0.4;1.2;-1.3
2025-07-14;1.0;-0.1;-0.2;1.4;-0.4;2.5;1.3;1.1;0.9;-0.9;-0.6;-1.1;-0.5;0.6;-0.2;1.6;0.2;1.3;0.1;-0.9;-0.1;1.3;1.0;0.1;-0.2;-0.4;0.7;1.3;-1.3
2025-07-15;1.0;-0.4;0.0;1.5;-0.5;2.2;1.4;0.9;0.5;-1.0;-0.8;-1.1;-0.2;0.5;-0.2;1.6;0.2;1.2;0.1;-0.8;-0.3;1.4;0.7;-0.1;0.1;-0.3;0.6;1.2;-1.0
2025-07-16;1.0;-0.6;-0.2;1.5;-0.6;2.1;1.1;1.2;0.1;-1.0;-0.9;-1.2;-0.2;0.6;0.5;1.6;0.2;1.3;0.0;-0.7;-0.4;1.5;0.6;-0.3;0.0;-0.5;0.6;1.2;-1.0
2025-07-17;1.0;-0.7;-0.1;2.0;-0.6;1.9;1.5;1.5;-0.3;-0.8;-0.9;-1.1;0.1;0.5;0.4;1.6;0.2;1.3;-0.3;-0.8;-0.3;1.1;0.5;-0.3;-0.3;-0.4;0.9;1.1;-1.0
2025-07-18;1.0;-0.8;0.5;2.1;-0.6;2.1;1.7;1.6;-0.6;-0.1;-1.0;-1.1;0.3;0.4;0.4;1.6;0.2;1.6;-0.3;-0.9;-0.2;0.7;0.4;-0.3;-0.4;-0.6;1.5;1.3;-1.1
2025-07-19;1.0;-1.0;0.5;1.9;-0.5;1.5;1.8;1.8;-0.7;0.0;-1.1;-1.0;0.5;0.4;0.6;1.6;0.2;1.5;-0.2;-0.6;-0.4;0.7;0.7;-0.5;-0.2;-0.5;1.2;0.9;-1.1
2025-07-20;1.0;-0.8;0.3;1.4;-0.5;0.9;1.6;2.1;-0.7;0.3;-1.1;-0.8;0.6;0.6;0.7;1.6;0.2;1.4;0.2;-0.3;-0.4;0.8;0.4;-0.4;-0.1;-0.3;2.3;0.6;-0.8
2025-07-21;1.0;-1.0;0.1;1.0;-0.4;1.1;1.6;2.1;-0.6;0.4;-1.2;-0.8;0.8;0.7;0.9;1.4;0.3;1.3;0.1;-0.5;-0.6;0.5;0.4;-0.5;-0.2;-0.1;2.3;0.5;-0.7
2025-07-22;1.0;-1.1;-0.2;1.1;-0.2;0.7;1.5;2.1;-0.7;0.7;-1.2;-0.8;0.9;0.7;0.6;1.4;0.4;1.2;0.0;-0.7;-0.8;0.2;0.2;-0.6;0.0;-0.1;2.7;0.6;-0.7
2025-07-23;1.0;-1.2;-0.1;1.7;-0.3;0.6;1.3;2.2;-0.7;0.6;-1.2;-0.8;1.0;0.7;0.4;1.3;0.3;1.0;-0.3;-0.7;-0.9;0.0;0.0;-0.5;0.4;-0.2;2.2;0.6;-0.7
2025-07-24;1.0;-1.2;-0.2;1.6;-0.3;0.4;1.3;2.0;-0.4;0.6;-1.3;-0.8;1.0;0.9;0.2;1.2;0.1;1.0;0.6;-0.6;-1.1;-0.2;-0.1;-0.4;0.3;-0.2;2.1;0.6;-1.1
2025-07-25;1.0;-1.2;-0.5;1.5;0.0;0.0;1.1;1.9;-0.6;0.8;-1.3;-0.9;0.6;0.8;0.2;1.2;0.5;0.8;0.7;-0.6;-1.2;-0.3;0.0;-0.5;0.6;0.0;1.9;0.5;-1.3
2025-07-26;1.0;-0.9;-0.6;1.5;0.1;-0.3;0.9;1.8;-0.9;0.8;-1.3;-0.9;0.2;0.6;0.2;1.1;0.9;0.6;0.8;-0.7;-1.2;-0.3;0.1;-0.2;0.9;-0.2;2.3;0.3;-1.5
2025-07-27;1.0;-0.7;-0.1;1.7;-0.2;-0.2;0.8;1.7;-0.4;0.4;-1.3;-1.0;-0.1;0.7;0.2;1.1;1.2;0.5;0.4;-0.7;-1.2;-0.3;0.4;-0.3;1.1;-0.2;1.8;0.6;-1.1
2025-07-28;1.0;-0.7;-0.4;1.3;-0.5;-0.4;0.7;1.6;0.2;0.1;-1.3;-1.1;-0.3;0.7;0.0;1.1;1.4;0.4;0.4;-0.7;-1.2;-0.3;0.4;-0.8;0.6;-0.2;2.3;0.5;-1.1
2025-07-29;1.0;-0.7;-0.7;1.1;-0.7;-0.4;0.8;1.6;0.2;-0.1;-1.4;-1.1;-0.5;0.8;-0.2;1.1;1.6;0.5;0.3;-0.6;-1.1;-0.3;0.7;-1.1;0.3;-0.2;2.0;0.4;-0.9
2025-07-30;1.0;-0.5;-0.6;1.0;-0.7;-0.3;1.0;1.4;0.3;-0.4;-1.4;-1.1;-0.6;0.9;-0.1;1.0;1.8;0.3;0.3;-0.8;-0.6;-0.3;0.7;-1.0;0.2;-0.1;1.6;0.1;-0.6
2025-07-31;1.0;-0.5;-0.2;0.5;-0.9;-0.7;0.9;1.2;0.1;-0.6;-1.4;-1.2;-0.6;0.7;0.0;1.0;2.0;0.3;0.1;-0.8;-0.3;-0.3;0.9;-1.1;0.3;0.1;1.0;0.1;-0.6
2025-08-01;1.0;-0.3;0.1;0.2;-0.9;-0.8;0.8;1.0;-0.2;-0.8;-1.4;-1.3;-0.1;0.4;0.1;1.0;1.5;0.3;0.0;-0.9;0.0;-0.2;0.9;-1.1;0.1;0.2;0.9;0.1;-0.5
2025-08-02;1.0;-0.4;0.0;0.4;-0.7;0.0;0.6;1.1;-0.4;-0.4;-1.4;-1.4;0.4;0.3;0.2;1.0;1.0;0.4;0.6;-1.0;0.1;0.6;0.9;-1.0;-0.2;0.1;1.4;0.2;-0.3
2025-08-03;1.0;-0.3;-0.2;-0.4;-0.7;0.7;0.7;1.2;-0.7;0.0;-1.4;-1.4;0.7;0.2;1.0;1.0;0.6;0.3;0.4;-1.2;0.5;1.3;1.0;-0.4;-0.3;0.3;1.0;0.0;-0.2
2025-08-04;1.0;0.0;-0.3;-0.7;-0.9;1.8;0.6;1.2;-0.8;0.4;-1.4;-1.5;1.0;0.3;1.2;1.0;0.3;0.3;0.6;-1.3;0.8;1.8;0.9;-0.6;-0.2;0.3;0.4;0.0;-0.3
2025-08-05;1.0;-0.1;0.1;-0.3;-0.6;2.0;0.5;1.4;-0.4;0.1;-1.4;-1.4;1.3;0.5;0.9;1.0;0.2;0.3;0.3;-1.4;1.0;2.3;0.8;-0.5;0.0;0.4;0.9;0.0;0.2
2025-08-06;1.0;0.0;0.1;-0.4;-0.4;1.7;0.5;1.3;-0.2;0.1;-1.4;-1.4;1.3;0.4;0.7;0.9;0.0;0.2;0.0;-1.4;1.1;2.0;0.6;-0.5;0.1;0.4;0.8;-0.1;0.2
2025-08-07;1.0;-0.1;0.0;-0.7;-0.6;1.4;0.6;0.9;0.1;0.2;-1.4;-1.4;1.2;0.7;0.5;0.9;-0.1;-0.1;0.2;-1.5;0.8;1.7;0.1;-0.7;0.3;0.1;0.9;-0.4;0.3
2025-08-08;1.0;-0.1;-0.2;-1.0;-0.7;1.1;0.6;0.7;-0.3;0.1;-1.4;-1.3;1.2;0.6;0.2;0.9;-0.2;-0.4;0.3;-1.3;0.5;1.6;-0.1;-0.5;0.5;-0.3;1.3;-0.7;0.4
2025-08-09;1.0;0.4;-0.2;-0.7;-0.7;0.8;0.9;0.3;-0.7;0.1;-1.4;-1.3;1.2;0.9;0.4;0.9;-0.2;-0.9;0.5;-1.2;1.0;1.2;-0.3;-0.6;0.1;-0.7;1.7;-1.2;0.6
2025-08-10;1.0;0.8;0.1;-0.6;-0.5;0.5;1.1;-0.2;-0.3;0.3;-1.4;-1.3;1.2;0.8;0.2;0.9;-0.3;-1.2;0.7;-1.1;1.1;1.0;-0.5;-0.7;0.0;-0.6;1.9;-1.5;0.8
2025-08-11;1.0;1.1;0.1;0.0;-0.7;0.4;1.2;-0.2;-0.4;0.3;-1.4;-1.3;1.2;0.9;0.4;0.9;-0.5;-1.3;0.9;-1.0;1.5;1.6;-0.7;-0.7;0.1;-0.5;1.6;-1.7;0.3
2025-08-12;1.0;1.4;-0.2;0.2;-0.8;0.3;1.1;-0.3;-0.6;0.3;-1.4;-1.2;1.1;0.7;0.3;0.9;-0.3;-1.4;0.8;-1.0;1.2;1.4;-0.7;-0.9;-0.2;-0.4;2.3;-1.8;-0.1
2025-08-13;1.0;1.3;-0.3;0.3;-0.7;0.3;1.4;-0.3;-0.1;0.3;-1.4;-1.0;1.1;0.6;0.2;0.9;-0.2;-1.4;0.4;-1.0;0.7;1.2;-0.7;-0.5;-0.5;-0.5;2.5;-1.8;-0.2
2025-08-14;1.0;1.0;-0.3;0.2;-0.5;0.4;1.7;-0.2;-0.1;-0.1;-1.4;-0.9;1.1;0.6;0.8;0.9;-0.3;-1.4;0.5;-0.6;0.6;1.0;-0.9;0.0;-0.4;-0.2;3.2;-1.9;-0.5
2025-08-15;1.0;0.9;0.1;-0.1;-0.4;0.1;2.2;-0.4;0.0;-0.3;-1.4;-0.8;1.1;0.3;1.2;0.9;-0.4;-1.5;0.4;-0.3;0.4;0.6;-1.1;0.1;-0.4;0.1;3.4;-2.0;-0.7
2025-08-16;1.0;0.6;0.3;-0.5;-0.2;0.7;2.3;-0.6;-0.4;-0.5;-1.4;-0.8;1.1;0.0;1.1;0.9;-0.5;-1.7;0.3;0.0;0.2;0.2;-1.3;0.1;-0.4;0.2;2.9;-2.2;-0.8
2025-08-17;1.0;1.4;0.5;-1.0;0.2;2.0;2.3;-0.9;-0.3;-1.2;-1.4;-0.8;1.1;0.2;1.0;0.9;-0.6;-1.8;0.2;-0.2;0.0;-0.1;-1.5;0.2;-1.0;0.1;2.7;-2.2;-0.9
2025-08-18;1.0;2.1;0.3;-0.9;0.1;2.6;2.5;-1.0;0.3;-1.6;-1.4;-0.8;1.1;0.3;0.9;0.9;-0.4;-2.0;0.2;-0.4;0.1;-0.2;-1.5;0.0;-1.3;0.2;2.8;-2.3;-1.3
2025-08-19;1.0;2.7;0.0;-1.1;-0.1;2.3;2.1;-1.0;0.6;-1.8;-1.4;-0.9;1.4;0.5;0.8;0.9;-0.2;-2.1;0.2;-0.5;0.1;-0.2;-1.7;-0.1;-1.4;0.3;2.6;-2.4;-1.5
2025-08-20;1.0;3.2;-0.1;-1.4;-0.1;2.0;2.4;-0.9;1.0;-1.6;-1.2;-1.0;1.6;0.7;1.1;0.9;-0.1;-1.9;0.3;-0.6;-0.2;-0.4;-1.7;-0.1;-1.0;0.3;2.4;-2.2;-1.2
2025-08-21;1.0;2.5;-0.4;-1.6;-0.1;1.5;2.4;-0.7;1.1;-1.4;-0.9;-1.0;1.8;0.8;1.3;0.9;0.1;-1.7;0.2;-0.8;-0.1;-0.6;-1.5;-0.2;-0.8;0.2;1.7;-2.0;-1.1
2025-08-22;1.0;2.3;-0.6;-1.8;0.1;1.2;2.6;-0.5;0.7;-1.3;-0.8;-1.1;1.8;0.8;1.5;0.9;-0.1;-1.5;0.4;-0.2;0.2;-0.8;-1.4;-0.3;-0.8;0.1;1.7;-1.9;-1.2
2025-08-23;1.0;2.1;-0.6;-1.9;0.0;1.1;2.7;-0.4;0.5;-1.5;-0.6;-1.1;1.8;0.8;1.6;0.9;-0.2;-1.5;0.8;0.2;0.4;-0.9;-1.4;-0.5;-0.8;0.1;2.1;-2.0;-1.3
2025-08-24;1.0;2.6;-0.8;-2.3;-0.1;1.3;2.9;-0.3;1.1;-0.8;-0.5;-1.0;1.9;0.6;1.7;0.9;-0.3;-1.6;1.1;1.1;0.9;-1.1;-1.3;-0.5;-0.5;0.1;1.9;-2.1;-1.3
2025-08-25;1.0;2.2;-1.0;-2.2;-0.2;1.4;3.1;-0.3;1.1;-0.1;-0.4;-1.1;1.9;0.8;1.6;0.9;-0.4;-1.5;0.9;0.7;0.6;-1.1;-1.2;-0.5;0.0;0.0;2.5;-1.9;-1.4
2025-08-26;1.0;1.7;-1.2;-2.3;-0.1;1.3;3.3;0.3;1.0;0.6;-0.3;-1.2;1.9;0.8;1.4;0.9;-0.5;-1.2;0.6;0.4;0.3;-1.2;-1.1;-0.4;0.8;0.1;2.6;-1.6;-0.8
2025-08-27;1.0;1.3;-1.2;-2.0;0.1;1.8;3.0;0.5;0.9;0.5;-0.2;-1.2;1.5;0.7;1.3;0.9;-0.6;-1.1;0.6;0.2;-0.1;-1.0;-0.9;-0.5;0.7;-0.1;1.9;-1.6;0.2
2025-08-28;1.0;1.2;-1.1;-1.9;-0.1;1.5;2.9;0.5;1.2;0.5;-0.1;-1.2;1.2;0.8;1.2;0.9;-0.4;-0.9;0.3;-0.1;-0.1;-0.8;-0.7;-0.7;0.9;-0.4;1.6;-1.3;0.0
2025-08-29;1.0;0.7;-1.4;-1.5;-0.1;1.1;2.9;0.6;1.6;0.7;-0.1;-1.2;0.9;0.7;1.1;0.8;-0.2;-0.6;0.0;-0.3;-0.2;-0.7;-0.7;-0.6;0.9;-0.5;1.6;-1.1;0.3
2025-08-30;1.0;0.5;-1.5;-1.2;0.0;0.7;2.9;0.7;1.2;0.7;0.0;-1.2;0.6;1.1;1.0;0.8;0.0;-0.6;-0.3;0.2;0.2;-0.6;-0.4;-0.7;0.7;-0.3;1.6;-1.1;1.1
2025-08-31;0.7;0.2;-1.7;-1.4;-0.1;0.4;2.6;0.3;0.8;0.9;-0.1;-1.0;0.4;1.1;1.0;0.4;0.1;-0.7;-0.6;0.7;0.6;-0.5;-0.1;-0.9;0.3;-0.5;1.5;-0.9;2.0
2025-09-01;0.4;-0.2;-1.8;-1.5;-0.1;0.3;2.3;0.2;0.5;0.8;-0.2;-1.1;0.3;1.3;1.0;0.1;0.2;-0.8;-0.6;1.0;0.2;-0.6;0.1;-0.8;0.2;-0.6;1.6;-0.9;1.3
2025-09-02;0.1;-0.4;-1.8;-1.3;-0.3;0.0;2.2;0.3;0.2;0.8;-0.2;-1.1;0.5;1.0;0.8;-0.2;0.0;-0.6;-0.7;1.4;0.0;-0.7;0.2;-0.6;0.1;-0.4;1.9;-0.7;0.8
2025-09-03;-0.1;-0.6;-1.9;-1.4;-0.2;-0.3;2.0;0.4;0.6;0.6;-0.3;-0.8;0.6;0.8;0.7;-0.4;0.4;-0.4;-0.9;1.6;0.0;-0.7;0.2;-0.3;0.2;-0.5;1.6;-0.7;0.5
2025-09-04;-0.3;-0.6;-1.9;-1.3;-0.2;0.1;2.0;0.4;1.1;0.4;-0.5;-0.5;0.8;0.8;0.4;-0.6;0.3;-0.4;-1.1;1.9;0.0;-0.8;0.0;-0.4;0.1;-0.7;1.2;-0.8;0.5
2025-09-05;-0.4;-0.5;-1.8;-1.4;-0.3;0.2;1.8;0.4;1.9;0.3;-0.7;-0.3;0.9;0.7;0.3;-0.8;0.2;-0.4;-1.1;2.0;-0.1;-0.8;-0.2;-0.5;0.2;-0.2;1.2;-0.7;0.5
2025-09-06;-0.6;-0.6;-1.8;-1.0;-0.4;0.4;1.8;0.2;2.5;0.3;-0.9;-0.3;1.0;0.9;0.2;-0.9;0.1;-0.5;-1.1;2.2;0.0;-0.1;-0.3;-0.3;-0.1;-0.1;1.3;-0.7;1.1
2025-09-07;-0.7;-0.2;-1.7;-1.1;-0.6;0.8;1.9;0.4;2.2;0.5;-1.0;-0.3;1.1;0.8;0.1;-1.0;0.0;-0.3;-1.1;2.0;0.7;-0.2;0.3;-0.6;-0.2;0.1;1.3;-0.7;0.9
2025-09-08;-0.8;-0.3;-1.6;-0.9;-0.2;0.3;2.2;0.8;2.7;0.5;-1.1;-0.3;1.4;0.9;0.1;-1.1;-0.1;0.1;-1.1;1.9;0.6;-0.3;0.6;-0.5;0.2;0.2;1.2;-0.6;0.6
2025-09-09;-0.8;-0.5;-1.5;-0.8;-0.3;-0.1;2.6;1.2;2.5;0.5;-1.2;-0.3;1.7;1.0;-0.1;-1.2;-0.1;0.3;-1.1;1.8;0.7;-0.4;0.6;-0.6;0.1;-0.1;1.3;-0.7;0.3
2025-09-10;-0.9;-0.7;-1.2;-1.1;-0.2;-0.4;2.9;1.8;2.0;0.3;-1.3;-0.3;1.5;0.9;0.0;-1.0;-0.2;1.0;-0.9;1.3;0.5;1.0;0.9;-0.7;0.3;-0.3;1.5;-0.5;0.1
2025-09-11;-1.0;-0.5;-1.3;-0.8;0.0;-0.3;3.1;2.1;1.8;0.2;-1.4;-0.3;1.1;0.8;-0.1;-0.9;-0.5;1.5;-0.9;1.0;0.3;2.1;1.1;-0.6;0.7;-0.4;1.2;-0.4;0.0
2025-09-12;-1.0;-0.3;-1.0;-0.8;0.0;-0.3;3.2;2.1;1.2;0.4;-1.5;-0.5;0.8;0.8;0.1;-0.7;-0.7;1.7;-0.1;0.7;0.1;3.1;1.0;-0.6;1.2;-0.6;1.1;-0.2;-0.3
2025-09-13;-1.1;-0.1;-0.5;-1.2;0.1;-0.5;3.3;2.3;0.9;1.4;-1.5;-0.2;0.5;0.5;0.2;-0.6;-0.8;1.9;0.6;0.5;-0.2;3.9;1.1;-0.2;1.6;-0.9;1.5;0.2;-0.5
2025-09-14;-1.1;0.0;0.3;-1.6;-0.2;-0.2;3.5;2.4;0.8;1.6;-1.6;0.0;0.3;0.5;0.8;-0.5;-1.0;2.1;1.2;0.2;-0.4;4.5;1.2;-0.1;1.8;-0.9;1.7;0.6;-0.7
2025-09-15;-1.1;0.1;0.6;-1.9;-0.1;-0.3;3.3;2.4;0.8;1.1;-1.6;-0.2;0.7;0.8;0.5;-0.4;-1.1;2.0;1.3;0.1;-0.6;5.0;1.3;-0.3;1.5;-0.7;1.7;0.6;-0.7
2025-09-16;-1.1;0.2;0.7;-1.8;-0.4;-0.4;3.2;2.5;0.3;1.0;-1.6;-0.4;0.3;0.6;0.3;-0.3;-1.3;1.9;1.0;-0.2;-0.8;4.1;1.2;-0.4;1.4;-0.3;2.0;0.2;-0.8
2025-09-17;-1.2;0.3;0.7;-1.6;-0.3;-0.3;3.2;2.7;0.1;0.7;-1.7;-0.5;0.0;0.8;0.1;-0.2;-1.0;1.9;0.8;-0.4;-0.9;3.3;0.8;-0.2;1.3;-0.6;1.6;-0.1;-0.8
2025-09-18;-1.2;0.1;0.6;-0.9;-0.2;-0.6;2.9;2.5;-0.2;0.7;-1.7;-0.7;-0.3;0.8;0.1;-0.2;-0.8;1.8;0.8;-0.5;-1.1;3.0;0.8;-0.2;1.3;-0.6;1.9;-0.2;-1.0
2025-09-19;-1.2;0.1;0.8;-1.1;-0.3;-0.6;2.6;2.4;-0.6;0.3;-1.7;-0.8;-0.3;1.1;0.1;-0.1;-0.6;1.8;0.6;-0.6;-0.9;2.8;0.7;-0.3;1.1;-0.3;1.6;-0.3;-1.3
2025-09-20;-1.2;0.0;0.7;-0.8;-0.1;-0.9;2.2;2.5;-0.4;0.3;-1.7;-0.8;-0.5;1.3;-0.1;-0.1;-0.5;2.0;0.4;-0.7;-0.2;2.8;1.0;-0.3;1.3;0.0;2.0;-0.2;-1.4
2025-09-21;-1.2;0.3;0.4;-0.5;-0.1;-0.6;2.0;2.3;-0.7;-0.3;-1.7;-0.9;-0.6;1.5;-0.2;-0.1;-0.4;2.0;0.2;-0.5;0.1;2.8;1.3;-0.1;0.8;-0.1;1.1;0.0;-1.5
2025-09-22;-1.2;0.4;0.1;-0.2;-0.3;-0.5;1.9;2.3;-0.9;-0.6;-1.8;-0.9;-0.8;1.6;-0.4;0.0;-0.3;2.0;-0.1;-0.5;0.4;2.6;1.3;-0.3;0.3;-0.3;1.4;-0.1;-1.6
2025-09-23;-1.2;0.6;0.0;-0.3;-0.5;-0.7;1.7;2.4;-0.6;-0.7;-1.8;-0.2;-0.9;1.3;-0.5;0.0;-0.2;2.0;-0.2;-0.2;0.6;2.5;1.1;-0.4;0.2;-0.7;1.3;-0.2;-1.6
2025-09-24;-1.3;0.6;0.5;-0.6;-0.6;-0.6;1.5;2.4;-0.4;-0.9;-1.8;0.4;-1.0;1.2;-0.6;0.0;-0.4;1.9;-0.3;0.0;0.2;2.1;0.9;-0.6;-0.2;-0.8;1.4;-0.2;-1.4
2025-09-25;-1.3;0.4;0.5;-0.6;-0.9;-0.6;1.3;2.5;-0.4;-1.1;-1.8;0.8;-1.2;1.2;-0.7;0.0;-0.6;1.9;-0.6;-0.1;0.0;1.7;0.7;-0.8;-0.3;-1.0;1.8;-0.3;-1.4
2025-09-26;-1.3;0.2;0.2;-0.8;-1.0;-0.7;1.3;2.5;-0.8;-1.0;-1.8;0.5;-1.1;1.2;-0.7;0.0;-0.8;1.9;0.0;-0.2;-0.3;1.8;0.5;-1.0;-0.5;-1.0;1.9;0.0;-1.4
2025-09-27;-1.3;0.1;0.2;-0.5;-1.2;-0.4;1.4;2.5;0.1;-1.1;-1.8;0.2;-1.1;1.3;-0.8;0.1;-0.4;1.9;-0.3;-0.4;-0.1;1.8;0.7;-0.7;-0.6;-1.0;1.7;0.1;-1.1
2025-09-28;-1.3;1.2;0.3;-0.7;-1.2;-0.6;1.3;2.7;0.9;-0.8;-1.8;0.0;-1.2;1.4;-0.9;0.1;-0.1;2.0;-0.6;-0.5;0.7;1.9;1.1;-0.8;-0.9;-0.7;1.0;0.2;-1.3
2025-09-29;-1.3;0.7;0.1;-0.9;-1.1;-0.8;1.2;2.6;0.4;-0.6;-1.8;-0.2;-1.2;1.6;-0.8;0.1;0.2;1.8;-0.8;-0.7;0.7;1.9;1.1;-0.7;-1.3;-0.6;0.7;0.1;-1.2
2025-09-30;-1.3;0.3;0.5;-0.8;-0.8;-0.2;1.0;2.6;0.2;-0.8;-1.8;-0.4;-1.2;1.4;-0.7;0.1;0.5;2.0;-1.1;-0.6;1.6;1.8;1.1;-0.4;-1.0;-0.6;1.3;0.3;-1.2
2025-10-01;-1.3;0.5;0.4;-0.2;-0.7;0.8;0.8;2.8;-0.2;-0.7;-1.8;-0.6;-1.1;1.5;-0.7;0.1;0.7;2.1;-1.3;-0.7;1.1;1.9;1.1;-0.7;-1.0;-0.7;1.3;0.1;-1.5
2025-10-02;-1.3;1.4;0.9;0.3;-0.6;0.9;0.9;2.9;0.1;-0.7;-1.8;-0.5;-1.0;1.1;-0.5;0.1;0.9;2.1;-1.4;-0.5;1.3;2.1;0.8;-0.5;-0.9;-0.5;1.6;0.2;-1.0
2025-10-03;-1.3;1.7;0.6;-0.3;-0.5;1.4;1.0;2.9;-0.2;-0.7;-1.8;-0.4;-0.5;0.7;-0.6;0.1;1.0;2.0;-1.4;-0.3;1.1;1.8;0.7;-0.3;-1.0;-0.2;1.7;0.1;-0.5
2025-10-04;-1.3;1.9;0.1;-0.6;-0.6;1.4;1.0;2.8;0.1;-0.6;-1.8;-0.3;0.0;1.0;-0.6;0.1;1.1;2.1;-1.5;-0.1;0.9;1.6;1.4;-0.8;-0.3;-0.7;1.3;0.3;-0.6
2025-10-05;-1.3;2.1;0.8;-0.9;-0.8;1.2;1.2;2.5;-0.3;-0.8;-1.8;-0.3;-0.1;1.2;-0.5;0.1;1.2;1.9;-1.4;-0.1;1.9;1.4;1.7;-1.1;0.2;-0.7;1.0;0.1;-0.8
2025-10-06;-1.3;2.3;0.4;-0.8;-0.7;1.1;1.3;2.3;-0.5;-1.0;-1.8;-0.2;-0.3;1.4;-0.5;0.1;0.8;1.8;-1.3;-0.2;1.3;1.2;1.9;-1.0;0.0;-0.6;1.0;0.2;-1.0
2025-10-07;-1.3;1.9;0.4;-0.8;-0.6;0.7;1.2;2.6;-0.9;-1.4;-1.8;-0.1;0.1;1.6;-0.5;0.1;0.5;2.0;-1.0;-0.5;1.0;1.0;1.7;-1.3;-0.1;-0.4;1.1;0.5;-0.8
2025-10-08;-1.3;1.8;0.3;-0.8;-0.4;0.6;1.5;2.5;-1.0;-1.1;-1.8;0.1;0.5;1.7;-0.4;0.1;0.2;1.8;-0.8;-0.7;1.2;1.0;1.5;-1.2;0.4;0.2;1.3;0.5;-1.1
2025-10-09;-1.3;1.7;0.0;-0.3;-0.3;0.4;1.3;2.5;-0.6;-0.9;-1.7;0.2;0.8;1.3;-0.4;0.1;0.0;1.7;-1.0;-0.9;0.7;0.7;1.5;-1.2;0.3;0.1;1.2;0.4;-1.3
2025-10-10;-1.3;1.4;0.0;0.1;-0.2;0.0;0.9;2.4;-0.7;-1.0;-1.6;0.3;1.0;1.1;-0.3;0.1;-0.2;1.4;-1.0;-1.1;0.4;0.9;1.4;-0.9;0.2;0.3;0.8;0.1;-1.2
2025-10-11;-1.3;1.0;-0.1;0.2;-0.2;0.0;0.6;2.5;-0.9;-0.4;-1.5;0.4;1.3;1.2;-0.2;0.1;-0.4;1.3;-1.1;-0.8;0.1;1.0;1.4;-0.8;0.2;0.5;0.4;-0.2;-1.2
2025-10-12;-1.3;0.8;0.1;-0.5;0.4;-0.2;0.3;2.4;-0.4;-0.6;-1.5;0.5;1.0;0.4;-0.4;0.1;-0.6;1.1;-0.9;-0.5;0.6;1.1;1.3;-0.6;0.2;0.3;0.4;-0.4;-1.2
2025-10-13;-1.3;0.7;-0.3;0.6;0.5;0.8;0.1;2.2;-0.2;-0.1;-1.4;0.3;0.7;0.2;-0.5;0.1;-0.6;0.9;-0.9;-0.6;0.2;1.5;0.9;-0.3;-0.2;-0.2;0.3;-0.7;-1.2
2025-10-14;-1.3;0.6;0.6;1.4;0.5;0.9;0.1;2.2;-0.5;-0.3;-1.3;0.1;0.5;0.0;-0.6;0.1;-0.6;0.7;-1.0;-0.6;-0.1;1.1;0.7;-0.2;-0.5;-0.1;0.3;-0.7;-1.1
2025-10-15;-1.3;0.5;1.3;1.3;0.5;1.2;0.1;2.1;-0.9;-0.4;-1.3;0.0;0.3;0.2;-0.7;0.1;-0.6;0.8;-0.6;-0.6;-0.1;0.8;0.6;0.0;-0.7;-0.3;0.5;-0.6;-1.4
2025-10-16;-1.3;0.9;1.4;0.4;0.4;1.6;0.0;1.6;-1.2;-0.3;-1.3;-0.2;0.2;0.4;0.1;0.1;-0.6;0.6;-0.6;-0.4;0.3;0.8;0.3;-0.1;-0.7;-0.2;0.8;-0.8;-0.4
2025-10-17;-1.3;1.1;1.5;0.6;0.4;1.5;0.0;1.3;-1.4;-0.8;-1.2;-0.3;0.1;0.4;-0.1;0.1;-0.6;0.2;-0.6;-0.3;0.1;0.8;-0.1;-0.3;-0.6;-0.4;0.7;-1.1;-0.6
2025-10-18;-1.3;1.4;1.0;0.5;0.0;1.4;0.6;1.3;-1.5;-0.9;-1.2;-0.3;0.0;0.6;-0.2;0.1;-0.6;0.2;-0.8;-0.2;-0.1;0.6;-0.3;-0.4;-0.5;-0.8;1.1;-1.2;-0.4
2025-10-19;-1.3;1.6;1.1;0.2;0.4;1.3;0.4;1.1;-1.3;-0.3;-1.2;-0.5;-0.1;1.1;0.1;0.1;-0.6;0.1;-0.8;-0.1;-0.3;1.3;-0.3;-0.3;0.2;-1.2;0.9;-1.3;-0.4
2025-10-20;-1.2;1.2;0.9;-0.1;0.2;1.0;0.3;0.8;-1.3;-0.4;-1.2;-0.3;-0.2;0.9;0.6;0.1;-0.6;-0.1;-0.9;-0.1;-0.4;1.2;-0.4;-0.6;-0.2;-1.3;0.7;-1.4;-0.8
2025-10-21;-1.2;0.9;0.5;-0.4;0.1;1.0;0.5;0.7;-1.1;-0.5;-1.2;0.3;-0.3;0.9;0.7;0.1;-0.6;-0.2;-0.8;0.0;-0.4;1.2;-0.4;-0.7;-0.3;-1.2;1.3;-1.4;-1.1
2025-10-22;-1.2;0.6;0.7;-0.7;-0.1;0.9;0.6;0.6;-1.0;-0.3;-1.1;0.3;-0.1;0.8;0.8;0.1;-0.7;-0.2;-0.4;0.0;-0.3;1.2;-0.3;-0.8;-0.5;-1.3;1.7;-1.3;-1.3
2025-10-23;-1.2;0.4;0.7;-0.7;-0.2;1.1;0.2;0.7;-1.2;-0.6;-1.1;0.1;0.1;0.7;0.7;0.1;-0.8;0.2;-0.5;0.0;-0.2;0.9;-0.2;-0.8;-0.5;-1.4;2.1;-0.8;-1.2
2025-10-24;-1.1;0.3;0.9;-0.9;-0.3;1.9;0.5;1.0;-1.3;-0.7;-1.1;-0.2;0.3;0.9;0.8;0.1;-0.8;0.3;-0.8;0.0;0.0;0.6;-0.1;-0.8;-0.5;-1.4;2.6;-0.8;-1.2
2025-10-25;-1.1;0.1;0.6;-1.0;-0.6;1.8;1.0;1.0;-1.4;-0.9;-1.1;-0.3;0.4;1.0;1.0;0.1;-0.8;0.5;-1.0;0.0;0.1;0.4;0.1;-1.0;-0.5;-1.2;2.3;-0.5;-0.7
2025-10-26;-1.1;0.0;0.3;-1.3;-0.9;1.7;1.5;0.9;-1.4;-0.3;-1.1;-0.5;0.5;0.9;1.2;0.1;-0.8;0.6;-1.2;0.0;0.2;0.4;0.3;-1.4;-0.7;-0.8;1.8;-0.2;-0.3
2025-10-27;-1.1;0.1;0.1;-1.6;-1.1;1.6;1.5;1.1;-1.4;-0.3;-1.1;-0.6;1.0;1.1;0.9;0.1;-0.9;0.6;-1.2;-0.2;0.0;0.5;0.3;-1.5;-1.0;-0.3;1.7;-0.2;-0.5
2025-10-28;-1.1;0.1;-0.1;-1.6;-1.2;1.3;1.5;1.1;-1.2;0.1;-1.1;-0.6;1.1;0.9;0.6;0.1;-0.9;0.8;-1.2;-0.2;0.1;0.7;0.3;-1.7;-0.7;0.1;1.5;0.1;-0.2
2025-10-29;-1.1;-0.2;0.0;-1.6;-1.3;1.2;1.5;1.2;-1.3;0.3;-1.1;-0.7;1.2;1.0;0.4;0.1;-0.9;0.9;-1.0;-0.4;0.9;0.8;0.5;-1.6;-0.8;0.1;1.3;0.1;-0.3
2025-10-30;-1.1;-0.4;0.1;-1.8;-1.4;1.2;1.5;1.2;-1.4;0.5;-1.1;-0.8;1.2;0.7;0.2;0.1;-0.9;0.9;-1.1;-0.6;1.7;0.9;0.5;-1.7;-0.6;0.0;1.1;0.3;-0.4
2025-10-31;-1.1;-0.4;-0.1;-1.6;-1.4;1.4;1.2;1.5;-1.2;0.5;-1.1;-0.9;1.2;0.9;0.1;0.1;-0.9;1.1;-1.3;-0.8;3.1;1.0;0.6;-1.8;-0.4;0.3;1.2;0.2;0.0
2025-11-01;-1.1;-0.3;0.0;-1.4;-1.4;1.6;0.8;1.7;-1.0;0.3;-1.1;-1.0;1.3;0.7;0.0;0.1;-0.8;1.1;-1.2;-0.9;2.8;0.7;0.7;-1.9;-0.9;-0.2;1.2;0.2;1.1
2025-11-02;-1.1;-0.3;-0.2;-1.4;-1.2;1.5;0.5;1.7;-0.2;0.3;-1.1;-1.1;1.6;0.8;-0.1;0.1;-0.8;1.1;-1.2;-1.0;2.4;0.5;1.0;-2.0;-0.6;-0.4;0.8;0.0;1.3
2025-11-03;-1.1;-0.4;-0.5;-1.4;-1.2;1.5;0.1;1.6;-0.5;0.3;-1.1;-1.1;1.4;0.7;-0.3;0.1;-0.5;0.9;-1.4;-0.9;2.2;0.4;1.0;-1.9;-0.4;-0.5;0.5;-0.3;1.6
2025-11-04;-1.1;-0.4;-0.8;-1.0;-1.3;1.4;0.3;1.4;-0.5;0.2;-1.1;-1.2;1.4;0.8;-0.4;0.1;-0.3;0.9;-1.4;-0.9;1.6;0.2;1.0;-1.8;-0.4;-0.6;0.3;-0.3;1.0
2025-11-05;-1.1;-0.6;-0.7;-0.8;-1.3;1.4;0.1;1.3;-0.5;-0.4;-1.1;-1.1;1.7;0.6;-0.5;0.1;-0.1;0.6;-1.4;-0.8;1.1;0.8;0.8;-1.7;-0.4;-0.5;0.4;-0.4;0.8
2025-11-06;-1.1;-0.6;-0.9;-0.5;-1.2;1.4;0.3;1.3;-0.6;-0.6;-1.1;-1.1;1.1;0.8;-0.7;0.1;0.0;0.5;-1.3;-0.9;0.8;1.2;0.8;-1.5;-0.5;-0.4;0.7;-0.5;0.5
2025-11-07;-1.1;-0.6;-1.1;-0.6;-1.0;1.5;0.6;1.1;-0.4;-0.7;-1.1;-1.0;1.3;1.1;-0.6;0.1;0.1;0.3;-0.9;-1.0;0.6;1.6;0.8;-1.4;-0.6;-0.3;0.7;-0.6;0.2
2025-11-08;-1.1;-0.5;-0.9;-0.6;-0.9;1.3;0.7;0.8;-0.2;-1.2;-1.1;-1.0;1.5;1.5;-0.5;0.1;0.3;0.2;-0.5;-1.1;0.3;1.9;0.9;-1.4;-0.8;0.2;0.7;-0.7;0.2
2025-11-09;-1.1;-0.3;-0.1;-0.3;-0.5;0.9;0.8;0.5;0.0;-1.3;-1.1;-1.0;1.7;1.2;-0.5;0.1;0.3;0.0;-0.4;-1.2;0.2;1.7;1.0;-1.1;-0.6;0.2;1.0;-0.7;-0.1
2025-11-10;-1.1;-0.2;0.5;0.3;-0.3;0.7;0.7;0.4;-0.2;-1.4;-1.1;-0.9;1.2;1.3;-0.5;0.1;0.4;-0.1;0.1;-1.3;0.1;1.9;0.9;-0.9;-1.0;0.7;1.0;-0.9;-0.5
2025-11-11;-1.1;0.0;0.4;0.3;-0.3;0.7;0.4;0.8;-0.3;-1.3;-1.1;-0.9;1.2;1.1;-0.3;0.1;0.5;0.1;-0.3;-1.4;0.2;2.1;1.0;-1.0;-1.1;0.5;1.3;-0.9;-0.6
2025-11-12;-1.1;0.2;-0.1;-0.3;-0.3;0.3;0.3;1.0;-0.5;-1.1;-1.1;-0.8;1.2;0.8;-0.1;0.1;0.5;0.4;0.0;-1.4;0.1;1.7;0.9;-0.9;-1.0;0.6;0.9;-0.8;-0.8
2025-11-13;-1.1;0.2;0.0;0.1;0.0;0.0;0.5;0.9;-0.6;-1.0;-1.1;-0.8;1.2;0.6;-0.1;0.1;0.6;0.4;0.1;-1.5;0.4;1.7;0.8;-0.4;-1.1;0.2;0.8;-1.1;-0.9
2025-11-14;-1.1;0.3;0.5;0.5;0.1;0.0;0.2;1.0;-0.9;-0.5;-1.1;-0.8;1.1;0.9;-0.3;0.1;0.6;0.4;0.1;-1.5;0.8;1.7;1.1;-0.4;-0.9;0.2;0.9;-1.1;-1.1
2025-11-15;-1.1;1.2;0.4;0.6;-0.2;-0.4;0.5;1.0;-0.8;0.3;-1.1;-0.7;1.1;0.7;-0.4;0.1;0.7;0.3;0.1;-1.5;1.0;2.7;1.3;-0.5;-0.2;0.4;1.4;-1.3;-1.4
2025-11-16;-1.1;2.0;0.8;0.5;-0.4;-0.3;0.7;0.5;-0.9;0.3;-1.1;-0.7;1.1;0.5;-0.5;0.3;0.7;0.2;0.0;-1.6;1.3;2.3;1.3;-0.2;-0.3;0.4;1.2;-1.1;-1.4
2025-11-17;-1.1;1.8;0.3;0.7;-0.5;-0.4;0.4;0.7;-0.6;-0.2;-1.1;-0.7;0.8;0.5;-0.7;0.4;0.7;0.4;-0.2;-1.6;0.8;2.2;1.1;-0.5;-0.3;0.5;1.2;-0.8;-1.7
2025-11-18;-1.1;1.7;0.3;1.2;-0.3;-0.7;0.1;1.1;-0.7;-0.6;-1.0;-0.8;0.5;0.5;-0.8;0.3;0.4;0.5;-0.1;-1.6;0.4;1.8;1.0;-0.7;-0.3;0.6;1.0;-0.9;-1.8
2025-11-19;-1.1;1.3;0.1;1.0;0.1;-0.5;0.0;1.6;-0.8;-0.6;-1.0;-0.8;0.2;0.4;-0.8;0.2;0.2;0.7;0.3;-1.6;0.1;1.5;0.9;-0.4;-0.1;0.4;1.2;-1.1;-1.4
2025-11-20;-1.1;1.2;-0.1;1.4;0.2;-0.5;0.0;1.5;-0.6;-0.6;-1.0;-0.9;-0.1;0.2;-1.0;0.1;0.0;0.6;0.7;-1.6;0.1;1.1;0.8;-0.2;-0.2;0.2;1.2;-1.1;-1.5
2025-11-21;-1.1;1.1;0.0;1.4;0.1;-0.3;-0.3;1.5;-0.4;-0.8;-0.9;-1.0;-0.2;0.2;-1.0;0.0;-0.2;0.4;0.7;-1.6;0.0;1.1;0.5;-0.3;-0.2;0.2;0.8;-1.3;-1.6
2025-11-22;-1.1;1.0;0.8;1.5;-0.2;0.1;-0.4;1.2;-0.3;-0.7;-0.9;-1.0;-0.4;0.1;-1.0;-0.1;-0.4;0.0;0.7;-1.1;-0.1;1.1;0.3;-0.3;-0.2;0.3;0.7;-1.6;-1.7
2025-11-23;-1.1;0.9;0.7;1.6;-0.3;0.7;-0.4;0.9;-0.6;-1.2;-0.9;-1.0;-0.5;0.1;-1.1;-0.1;-0.5;-0.4;0.3;-1.2;-0.3;0.9;0.0;-0.5;-0.7;0.0;1.0;-1.8;-1.8
2025-11-24;-1.1;0.8;0.6;1.3;-0.3;0.5;-0.4;0.8;-0.2;-0.7;-0.9;-1.0;-0.6;0.2;-1.2;-0.2;-0.6;-0.6;0.6;-1.2;-0.4;0.8;-0.1;-0.6;-1.0;0.0;1.0;-1.8;-1.9
2025-11-25;-1.1;0.7;0.4;0.9;-0.6;0.4;-0.2;0.7;0.2;-0.5;-0.9;-1.1;-0.7;0.2;-1.2;-0.2;-0.5;-0.6;0.9;-1.3;0.5;0.5;-0.3;-0.9;-0.6;0.1;0.9;-1.8;-2.1
2025-11-26;-1.1;0.6;0.1;0.8;-0.7;0.5;0.1;0.7;-0.2;-0.5;-0.8;-1.2;-0.9;0.2;-1.2;-0.3;-0.3;-0.7;1.1;-1.4;1.3;0.2;-0.6;-0.9;-0.5;-0.1;0.7;-1.9;-2.0
2025-11-27;-1.1;0.5;-0.1;0.7;-0.8;0.5;0.4;0.7;-0.5;-0.8;-0.8;-1.3;-1.0;0.2;-1.2;-0.3;-0.2;-0.8;1.3;-1.5;1.9;0.0;-0.7;-0.9;-1.0;-0.3;0.5;-2.0;-1.9
2025-11-28;-1.1;0.6;-0.4;0.5;-0.8;0.4;0.5;0.5;-0.8;-0.2;-0.8;-1.3;-1.1;0.5;-0.7;-0.3;-0.1;-0.8;1.1;-1.5;2.5;-0.2;-0.7;-0.7;-1.2;-0.2;0.2;-2.0;-2.0
2025-11-29;-1.1;0.6;-0.4;0.1;-1.2;0.9;0.5;0.3;-1.1;-0.4;-0.8;-1.3;-1.2;0.2;0.5;-0.4;-0.1;-0.9;1.5;-1.5;2.9;-0.1;-0.5;-0.6;-1.3;-0.5;0.7;-2.3;-2.2
2025-11-30;-1.1;0.7;-0.7;0.2;-1.1;1.0;0.6;0.5;-1.3;-0.8;-0.8;-1.3;-1.3;0.6;1.5;-0.4;0.0;-0.8;1.0;-1.4;3.3;-0.2;-0.6;-0.9;-1.2;-0.6;1.5;-2.4;-2.3
2025-12-01;-1.1;0.7;-0.8;0.7;-1.0;0.9;0.5;0.5;-1.5;-1.1;-0.8;-1.3;-1.4;0.0;2.3;-0.4;0.1;-1.0;0.8;-1.4;2.8;-0.3;-0.7;-0.8;-1.4;0.0;2.2;-2.5;-2.0
2025-12-02;-1.1;0.8;-1.1;0.9;-1.0;1.1;0.7;0.7;-1.5;-1.3;-0.8;-1.3;-1.5;-0.2;3.1;-0.4;0.1;-0.9;0.7;-1.1;2.3;0.1;-0.8;-1.1;-1.5;-0.1;2.8;-2.5;-1.5
2025-12-03;-1.1;0.8;-1.2;0.4;-0.7;0.8;0.5;0.6;-1.5;-1.4;-0.8;-1.3;-1.6;-0.5;3.1;-0.4;0.2;-0.9;0.9;-0.8;2.3;0.2;-0.9;-0.9;-1.7;-0.2;2.9;-2.5;-1.6
2025-12-04;-1.1;0.8;-1.0;0.3;-0.6;0.4;0.6;0.4;-1.5;-1.2;-0.8;-1.3;-1.6;-0.4;3.0;-0.4;-0.1;-0.7;1.0;-0.5;2.4;0.5;-0.9;-0.8;-1.5;-0.2;2.5;-2.6;-1.5
2025-12-05;-1.1;0.8;-0.8;0.3;-0.5;0.0;0.6;0.5;-1.1;-0.5;-0.8;-1.3;-1.7;0.0;3.0;-0.4;-0.3;-0.7;1.2;-0.3;2.4;0.7;-1.0;-1.0;-1.5;-0.1;1.8;-2.6;-1.4
2025-12-06;-1.1;0.8;-1.0;0.3;-1.0;-0.3;0.3;0.7;-1.2;-0.2;-0.8;-1.3;-1.8;0.2;2.4;-0.5;-0.5;-0.8;0.9;-0.1;2.5;0.9;-1.0;-1.4;-1.1;-0.3;1.9;-2.6;-1.3
2025-12-07;-1.1;0.8;-0.6;0.2;-0.7;-0.6;0.1;0.9;-1.1;-0.1;-0.8;-1.3;-1.8;0.3;1.9;-0.5;-0.7;-0.8;1.0;0.1;2.5;1.5;-1.0;-1.2;-0.6;-0.5;1.7;-2.5;-1.2
2025-12-08;-1.1;1.2;-0.2;0.5;-0.8;-0.7;0.2;0.8;-1.2;-0.5;-0.8;-1.3;-1.9;0.7;1.5;-0.5;-0.8;-0.8;1.0;0.2;2.5;1.5;-1.0;-1.1;-0.1;-0.6;1.3;-2.4;-1.2
2025-12-09;-1.1;1.5;-0.1;0.0;-0.9;-0.9;0.5;0.8;-1.1;-0.1;-0.8;-1.3;-1.9;0.7;1.5;-0.5;-0.9;-0.8;0.5;0.3;2.1;1.2;-1.0;-1.1;0.2;-0.7;1.5;-2.5;-1.2
2025-12-10;-1.1;1.0;-0.1;-0.2;-0.9;-0.4;0.6;0.7;-1.1;0.1;-0.8;-1.2;-1.9;0.5;1.4;-0.5;-1.0;-0.8;0.4;0.4;1.8;1.4;-0.9;-1.0;0.2;-0.7;1.2;-2.4;-0.9
2025-12-11;-1.1;0.5;0.1;0.0;-0.6;-0.1;0.6;0.8;-0.8;-0.1;-0.8;-1.1;-2.0;0.6;1.3;-0.5;-1.1;-0.6;0.3;0.3;1.6;1.1;-1.0;-0.8;0.2;-0.4;1.1;-2.2;-0.6
2025-12-12;-1.1;0.3;0.4;-0.3;-0.5;-0.1;1.0;1.0;-1.0;-0.2;-0.8;-1.0;-1.2;0.6;1.3;-0.5;-1.2;-0.4;0.1;0.1;1.2;0.7;-0.9;-0.7;0.1;-0.1;1.7;-1.9;-0.7
2025-12-13;-1.1;0.2;0.6;0.2;-0.7;0.1;1.0;1.2;-1.2;-0.2;-0.8;-0.9;-0.6;0.1;1.2;-0.5;-1.2;-0.4;-0.1;0.0;0.8;0.5;-0.7;-0.3;-0.3;0.4;1.3;-2.0;-0.2
2025-12-14;-1.1;0.1;0.1;0.5;-0.8;0.1;1.1;1.0;-1.3;-0.4;-0.5;-0.8;-0.1;0.3;1.0;-0.5;-1.3;-0.3;-0.3;-0.1;1.1;1.0;-0.6;-0.2;-0.4;0.5;1.3;-1.6;0.2
2025-12-15;-1.1;-0.1;-0.1;0.7;-1.0;0.2;1.5;0.9;-1.5;-0.5;-0.3;-0.8;0.4;0.1;0.8;-0.5;-1.3;-0.4;0.5;-0.3;0.8;0.9;-0.6;-0.2;-0.3;0.3;1.1;-1.8;0.9
2025-12-16;-1.1;-0.2;-0.1;0.6;-0.8;-0.2;1.3;0.8;-1.5;-0.7;-0.1;-0.7;0.8;0.0;0.7;-0.5;-1.4;-0.3;0.4;-0.5;0.4;0.7;-0.6;0.1;-0.5;0.4;0.9;-1.7;0.6
2025-12-17;-1.1;-0.1;0.3;0.5;-0.6;-0.4;0.8;1.0;-1.4;-0.8;0.1;-0.6;1.1;-0.1;0.5;-0.5;-1.3;0.1;0.3;-0.5;0.0;0.7;-0.6;0.3;-0.7;0.4;0.6;-1.4;0.6
2025-12-18;-1.1;0.2;0.8;0.2;-0.5;0.0;0.6;1.1;-1.6;-0.9;0.2;-0.6;1.4;0.1;0.4;-0.5;-1.3;0.2;0.2;-0.5;0.2;0.3;-0.5;0.3;-0.6;0.3;0.9;-1.5;0.0
2025-12-19;-1.1;0.5;1.0;0.3;-0.6;0.1;0.2;1.2;-1.6;-0.5;0.3;-0.7;1.6;0.2;0.2;-0.5;-1.3;0.3;0.1;-0.6;0.0;0.4;-0.6;0.3;0.4;0.5;1.1;-1.4;-0.4
2025-12-20;-1.1;0.7;1.0;0.6;-0.6;0.1;-0.1;1.1;-1.0;-0.4;0.4;-0.8;1.8;0.0;0.1;-0.5;-1.3;0.0;0.0;-0.7;0.4;0.1;-0.7;0.1;0.6;0.5;1.0;-1.8;-0.8
2025-12-21;-1.1;0.9;0.9;0.7;-1.1;0.3;0.6;0.9;-0.8;-0.3;0.5;-0.9;2.0;0.0;-0.1;-0.5;-1.3;-0.3;-0.3;-0.8;0.7;-0.1;-0.9;-0.3;1.0;0.3;1.0;-2.0;-1.1
2025-12-22;-1.1;1.1;0.8;0.2;-0.8;0.6;0.4;0.7;-1.1;-0.1;0.6;-1.0;2.2;0.2;-0.2;-0.5;-1.3;-0.5;-0.5;-0.7;1.0;-0.3;-0.7;-0.4;0.6;0.4;1.2;-2.1;-1.2
2025-12-23;-1.1;1.3;0.9;1.2;-0.5;0.6;0.6;0.7;-0.9;-0.1;0.6;-1.0;2.3;0.1;-0.1;-0.5;-1.3;-0.7;-0.7;-0.7;1.8;-0.2;-0.4;-0.5;0.5;0.2;1.5;-2.3;-1.3
2025-12-24;-1.1;1.4;1.5;1.2;0.1;0.2;1.1;0.8;-1.2;1.3;0.7;-1.1;2.4;0.2;-0.1;-0.5;-1.2;-0.8;-0.7;-0.7;2.0;0.0;-0.3;-0.3;0.9;-0.1;1.7;-2.3;-1.4
2025-12-25;-1.1;1.5;1.4;1.6;0.5;0.3;1.2;0.6;-1.2;1.9;0.7;-1.0;2.5;0.4;0.1;-0.5;-1.2;-0.8;-0.5;-0.6;2.3;0.2;-0.3;-0.1;0.7;-0.3;0.9;-2.2;-1.5
2025-12-26;-1.1;1.6;1.8;1.6;0.6;0.1;2.1;0.8;-1.4;1.8;0.8;-0.5;2.6;0.7;0.5;-0.5;-1.2;-1.0;-0.5;-0.6;1.7;-0.1;-0.4;-0.2;0.7;-0.4;0.6;-2.4;-1.6
2025-12-27;-1.1;1.7;1.6;1.5;0.5;0.1;2.1;0.9;-1.1;1.4;0.8;-0.1;2.6;0.7;0.9;-0.5;-1.2;-1.0;-0.7;-0.6;1.4;-0.2;-0.3;-0.6;0.1;-0.7;0.3;-2.4;-1.3
2025-12-28;-1.1;1.3;1.9;1.0;0.1;0.0;2.0;1.1;-1.2;0.9;0.8;0.2;2.7;0.4;1.2;-0.5;-1.2;-1.2;-0.9;-0.6;1.1;-0.2;-0.4;-0.6;-0.1;-0.8;0.9;-2.6;-1.1
2025-12-29;-1.1;1.0;1.5;1.4;0.3;-0.1;1.8;1.0;-0.9;0.7;0.9;0.5;2.7;0.1;1.0;-0.5;-1.2;-1.3;-0.8;-0.6;0.7;0.4;-0.5;-0.5;-0.6;-0.7;1.2;-2.5;-1.3
2025-12-30;-1.1;0.7;1.2;1.6;0.3;-0.3;2.4;0.6;-0.6;-0.1;0.9;0.4;2.2;0.0;0.7;-0.5;-1.2;-1.2;-0.8;-0.5;1.0;0.9;-0.3;-0.7;-0.4;-0.7;1.2;-2.2;-1.5
2025-12-31;-1.1;0.5;0.9;1.5;0.8;0.6;2.1;0.5;-0.4;-0.1;0.9;0.4;1.8;-0.2;0.4;-0.5;-1.2;-1.0;-0.9;-0.5;1.3;1.3;-0.2;-0.8;-0.1;-0.6;2.0;-1.8;-1.4
2026-01-01;-1.1;1.9;0.6;1.5;0.5;0.5;2.0;0.6;-0.2;-0.2;0.9;0.4;1.5;0.0;0.2;-0.5;-1.2;-0.7;-1.0;-0.5;1.1;1.5;0.1;-0.8;-0.3;-0.2;2.2;-1.4;-1.2
2026-01-02;-1.1;2.8;0.4;1.4;0.0;0.2;1.5;0.6;0.1;-0.8;0.9;0.3;1.2;0.2;0.0;-0.5;-1.2;-0.6;-1.2;-0.5;1.1;1.6;0.5;-0.9;-0.2;0.0;2.1;-1.1;-1.2
2026-01-03;-1.2;2.4;0.7;1.7;0.3;-0.2;1.4;0.3;0.4;-0.8;0.9;0.3;1.0;0.1;-0.1;-0.5;-1.2;-0.4;-0.4;-0.4;1.2;1.8;0.6;-0.8;-0.2;0.4;2.0;-0.7;-0.9
2026-01-04;-1.2;2.6;1.1;1.9;0.9;-0.6;1.3;0.1;0.1;-1.0;0.9;0.2;0.8;-0.3;0.3;-0.5;-1.2;-0.2;-0.3;-0.4;1.7;1.9;0.9;-0.6;-0.1;0.5;1.9;-0.2;-1.1
2026-01-05;-1.3;2.7;1.2;1.9;1.1;0.3;1.1;0.0;0.0;-0.4;0.9;0.2;0.6;-0.5;0.4;-0.4;-1.2;0.0;-0.2;-0.4;1.9;2.0;1.0;-0.5;-0.3;0.5;2.3;-0.1;-1.3
2026-01-06;-1.4;2.7;1.7;1.7;1.5;1.1;0.7;-0.2;-0.1;0.1;0.9;0.0;0.4;-0.2;0.5;-0.4;-1.2;-0.1;-0.1;-0.4;1.6;2.1;0.8;-0.2;-0.2;0.6;3.6;-0.2;-1.3
2026-01-07;-1.4;2.2;1.9;2.1;1.6;1.1;0.4;-0.5;0.5;0.1;0.9;-0.1;0.2;-0.1;0.6;-0.4;-1.2;-0.3;-0.4;-0.4;1.7;2.2;0.6;-0.2;-0.2;0.7;4.0;-0.1;-1.4
2026-01-08;-1.5;1.6;2.2;1.8;1.6;0.9;0.5;-0.5;0.3;0.4;1.0;-0.1;0.0;0.2;0.3;-0.5;-1.0;-0.2;-0.5;-0.3;2.0;2.2;0.4;-0.2;-0.3;1.0;4.5;0.0;-1.3
2026-01-09;-1.5;1.3;1.7;1.8;1.6;0.6;0.4;-0.4;-0.1;0.5;1.0;-0.3;0.5;0.4;0.1;-0.5;-0.8;0.0;0.2;-0.3;1.6;2.3;0.8;-0.4;-0.1;1.1;4.1;0.2;-1.5
2026-01-10;-1.5;1.1;1.6;1.7;1.8;0.6;0.7;-0.4;-0.4;0.7;1.0;-0.4;0.8;0.5;0.6;-0.5;-0.6;0.1;0.8;-0.4;1.3;2.3;0.9;0.0;0.3;0.8;4.5;0.4;-1.7
2026-01-11;-1.6;1.1;1.7;1.3;2.0;0.5;0.4;-0.5;-0.4;0.7;1.0;-0.6;1.1;0.3;1.1;-0.5;-0.4;0.1;1.1;-0.3;1.1;2.4;1.2;-0.1;0.2;0.7;3.8;0.6;-1.8
2026-01-12;-1.6;0.9;1.9;1.2;1.7;0.7;0.3;-0.2;-0.4;0.9;1.0;-0.3;1.4;0.0;0.9;-0.3;-0.2;0.3;1.2;0.3;1.4;3.6;1.4;-0.3;0.3;0.6;4.0;0.6;-1.7
2026-01-13;-1.6;0.9;2.1;1.4;1.3;1.0;0.4;-0.2;-0.6;1.0;1.0;-0.3;1.6;0.2;0.8;0.0;0.1;0.4;1.0;0.0;1.8;4.3;1.7;-0.1;0.0;0.6;4.2;0.6;-1.6
2026-01-14;-1.6;0.7;1.9;1.3;1.0;0.9;0.2;0.0;-0.6;1.0;1.0;-0.2;1.8;0.3;0.6;0.2;0.3;0.3;0.8;-0.2;2.3;4.1;1.7;-0.3;-0.2;0.7;4.0;0.3;-1.8
2026-01-15;-1.6;0.4;1.7;1.1;1.0;1.2;0.0;0.0;-0.7;1.0;1.0;-0.2;1.4;0.3;0.3;0.3;0.5;0.3;0.7;-0.2;2.0;4.0;1.5;-0.3;-0.2;0.7;3.7;-0.1;-1.9
2026-01-16;-1.6;0.3;1.5;0.9;0.6;1.1;-0.1;0.1;-0.5;0.8;1.0;0.0;1.1;0.2;0.1;0.5;0.6;0.2;0.6;0.0;1.7;3.9;1.3;-0.2;-0.5;0.8;3.1;-0.3;-2.0
2026-01-17;-1.7;0.0;1.3;0.6;0.5;1.0;-0.1;0.2;-0.9;1.0;0.9;0.2;1.0;0.1;-0.2;0.6;0.8;0.2;0.6;0.1;1.3;3.9;1.2;-0.4;-0.1;0.8;3.0;-0.3;-1.5
